crop,year,obs_mean_suit,cf_mean_suit,obs_area_km2,cf_area_km2
Winter Barley,1979,1.004581901489118,1.004581901489118,396.7994440855114,396.7994440855114
Winter Barley,1980,1.002290950744559,1.002290950744559,198.01054925822908,198.01054925822908
Winter Barley,1981,1.0057273768613975,1.0057273768613975,495.80471871462595,495.80471871462595
Winter Barley,1982,1.0017182130584192,1.0017182130584192,99.00527462911454,99.00527462911454
Winter Barley,1983,1.0103092783505154,1.0103092783505154,993.6794804498442,993.6794804498442
Winter Barley,1984,1.0074455899198167,1.0074455899198167,694.7232372082223,694.7232372082223
Winter Barley,1985,1.0143184421534936,1.0143184421534936,1589.1375909415076,1589.1375909415076
Winter Barley,1986,1.0,1.0,0.0,0.0
Winter Barley,1987,1.0126002290950744,1.0126002290950744,1190.1393873017748,1190.1393873017748
Winter Barley,1988,1.0194730813287514,1.0194730813287514,1687.4968670346898,1687.4968670346898
Winter Barley,1989,1.024627720504009,1.024627720504009,2580.4886877768804,2580.4886877768804
Winter Barley,1990,1.004581901489118,1.004581901489118,396.28094981511134,396.28094981511134
Winter Barley,1991,1.006872852233677,1.006872852233677,494.8955431312314,494.8955431312314
Winter Barley,1992,1.020045819014891,1.020045819014891,1986.3243933487474,1986.3243933487474
Winter Barley,1993,1.011454753722795,1.011454753722795,1092.684755078959,1092.684755078959
Winter Barley,1994,1.0126002290950744,1.0126002290950744,1190.5279559228482,1190.5279559228482
Winter Barley,1995,1.0040091638029782,1.0040091638029782,395.6283096676473,395.6283096676473
Winter Barley,1996,1.002290950744559,1.002290950744559,198.9173089830427,198.9173089830427
Winter Barley,1997,1.0017182130584192,1.0017182130584192,198.14047490755567,198.14047490755567
Winter Barley,1998,1.0280641466208476,1.0280641466208476,2775.627639521048,2775.627639521048
Winter Barley,1999,1.0074455899198167,1.0080183276059564,790.9877483036375,792.4277537531588
Winter Barley,2000,1.0063001145475372,1.0057273768613975,395.6301156162272,494.1060698975818
Winter Barley,2001,1.011454753722795,1.0217640320733103,1091.133508311779,1787.018819698239
Winter Barley,2002,1.0721649484536082,1.0160366552119129,5449.528145753722,1087.882663493209
Winter Barley,2003,1.052119129438717,1.0469644902634594,4651.763213794195,4160.661163922531
Winter Barley,2004,1.0475372279495991,1.0257731958762886,4652.416771356156,2277.49903073808
Winter Barley,2005,1.0899198167239403,1.0801832760595647,7531.071267677239,6541.8152727773195
Winter Barley,2006,1.0526918671248569,1.0595647193585338,4651.887510335409,4943.059730286739
Winter Barley,2007,1.0194730813287514,1.0360824742268042,1879.1028351297864,3067.32044015851
Winter Barley,2008,1.0315005727376862,1.0813287514318441,2773.1563442421493,6842.458140906404
Winter Barley,2009,1.034364261168385,1.070446735395189,3169.304657290844,5951.803777083466
Winter Barley,2010,1.0492554410080184,1.0206185567010309,3867.661502516316,1881.3522295833156
Winter Barley,2011,1.0492554410080184,1.0286368843069873,4353.937128577711,2667.3802550259607
Winter Barley,2012,1.0183276059564719,1.0189003436426116,1686.7136933306836,1785.4639495500064
Winter Barley,2013,1.0143184421534936,1.0143184421534936,1390.478319385683,1390.478319385683
Winter Barley,2014,1.0400916380297824,1.0286368843069873,2877.62115959547,2380.518989206821
Winter Barley,2015,1.0509736540664376,1.0309278350515463,4350.856625124953,2970.7858636227675
Winter Barley,2016,1.0715922107674685,1.0893470790378006,5449.392772192703,6737.757283337696
Winter Barley,2017,1.072737686139748,1.0538373424971363,6040.704159310633,4457.418328986925
Winter Barley,2018,1.1254295532646048,1.0481099656357389,9113.938076595134,4157.517669977538
Spring Barley,1979,1.0011454753722795,1.0011454753722795,99.52316374984214,99.52316374984214
Spring Barley,1980,1.0005727376861397,1.0005727376861397,99.39414523320055,99.39414523320055
Spring Barley,1981,1.0131729667812142,1.0131729667812142,1389.8235629870915,1389.8235629870915
Spring Barley,1982,1.002290950744559,1.002290950744559,198.9173089830427,198.9173089830427
Spring Barley,1983,1.0011454753722795,1.0011454753722795,99.52316374984214,99.52316374984214
Spring Barley,1984,1.002290950744559,1.002290950744559,298.5691880847099,298.5691880847099
Spring Barley,1985,1.0011454753722795,1.0011454753722795,99.52316374984214,99.52316374984214
Spring Barley,1986,1.0011454753722795,1.0011454753722795,99.52316374984214,99.52316374984214
Spring Barley,1987,1.0011454753722795,1.0011454753722795,99.52316374984214,99.52316374984214
Spring Barley,1988,1.0097365406643757,1.0097365406643757,1388.3919732999605,1388.3919732999605
Spring Barley,1989,1.0028636884306987,1.0028636884306987,396.14468847386746,396.14468847386746
Spring Barley,1990,1.004581901489118,1.004581901489118,398.22106718637707,398.22106718637707
Spring Barley,1991,1.0126002290950744,1.0126002290950744,1092.2931701952566,1092.2931701952566
Spring Barley,1992,1.0011454753722795,1.0011454753722795,99.52316374984214,99.52316374984214
Spring Barley,1993,1.0011454753722795,1.0011454753722795,99.52316374984214,99.52316374984214
Spring Barley,1994,1.0034364261168385,1.0034364261168385,398.22106718637707,398.22106718637707
Spring Barley,1995,1.0011454753722795,1.0011454753722795,99.52316374984214,99.52316374984214
Spring Barley,1996,1.0028636884306987,1.0028636884306987,398.22106718637707,398.22106718637707
Spring Barley,1997,1.002290950744559,1.002290950744559,298.5691880847099,298.5691880847099
Spring Barley,1998,1.0040091638029782,1.0040091638029782,397.18287783012227,397.18287783012227
Spring Barley,1999,1.004581901489118,1.004581901489118,596.3615420939327,596.3615420939327
Spring Barley,2000,1.0131729667812142,1.0080183276059564,1489.8591719211781,993.9360000916122
Spring Barley,2001,1.0120274914089347,1.0229095074455898,1490.5133278881076,2478.085132088591
Spring Barley,2002,1.0171821305841924,1.0108820160366552,1582.2633587561343,1090.3476207027813
Spring Barley,2003,1.0120274914089347,1.004581901489118,1088.5165950098628,496.7036273173542
Spring Barley,2004,1.013745704467354,1.004581901489118,1385.5321173099699,596.3615420939327
Spring Barley,2005,1.0131729667812142,1.009163802978236,1388.1342394314938,993.6794804498442
Spring Barley,2006,1.0601374570446735,1.06815578465063,5859.287434385022,6550.23620592989
Spring Barley,2007,1.009163802978236,1.0074455899198167,990.8153971109323,794.6265073707633
Spring Barley,2008,1.0040091638029782,1.0040091638029782,398.22106718637707,398.22106718637707
Spring Barley,2009,1.0097365406643757,1.0097365406643757,1189.4716440974555,1189.4716440974555
Spring Barley,2010,1.0504009163802979,1.041237113402062,4860.287398870318,3377.314853549985
Spring Barley,2011,1.0171821305841924,1.0063001145475372,1484.796938877315,594.4129787217473
Spring Barley,2012,1.0183276059564719,1.0183276059564719,1783.2425429274558,1783.2425429274558
Spring Barley,2013,1.0074455899198167,1.0063001145475372,1093.0727169746206,894.5430690851103
Spring Barley,2014,1.0017182130584192,1.0017182130584192,198.9173089830427,198.9173089830427
Spring Barley,2015,1.0017182130584192,1.0017182130584192,198.26768271528883,198.13685349525454
Spring Barley,2016,1.0349369988545247,1.024627720504009,2976.494997093654,2284.5056171751085
Spring Barley,2017,1.024627720504009,1.02233676975945,2481.5973321888373,2184.7183739907464
Spring Barley,2018,1.0337915234822452,1.0372279495990837,3374.318740954224,3180.2134838089523
Winter Wheat,1979,1.004581901489118,1.004581901489118,396.7994440855114,396.7994440855114
Winter Wheat,1980,1.002290950744559,1.002290950744559,198.01054925822908,198.01054925822908
Winter Wheat,1981,1.0057273768613975,1.0057273768613975,495.80471871462595,495.80471871462595
Winter Wheat,1982,1.0017182130584192,1.0017182130584192,99.00527462911454,99.00527462911454
Winter Wheat,1983,1.0103092783505154,1.0103092783505154,993.6794804498442,993.6794804498442
Winter Wheat,1984,1.0074455899198167,1.0074455899198167,694.7232372082223,694.7232372082223
Winter Wheat,1985,1.0143184421534936,1.0143184421534936,1589.1375909415076,1589.1375909415076
Winter Wheat,1986,1.0,1.0,0.0,0.0
Winter Wheat,1987,1.0126002290950744,1.0126002290950744,1190.1393873017748,1190.1393873017748
Winter Wheat,1988,1.0194730813287514,1.0194730813287514,1687.4968670346898,1687.4968670346898
Winter Wheat,1989,1.024627720504009,1.024627720504009,2580.4886877768804,2580.4886877768804
Winter Wheat,1990,1.004581901489118,1.004581901489118,396.28094981511134,396.28094981511134
Winter Wheat,1991,1.006872852233677,1.006872852233677,494.8955431312314,494.8955431312314
Winter Wheat,1992,1.0194730813287514,1.0194730813287514,1887.1891930703061,1887.1891930703061
Winter Wheat,1993,1.0108820160366552,1.0108820160366552,1092.684755078959,1092.684755078959
Winter Wheat,1994,1.0126002290950744,1.0126002290950744,1190.5279559228482,1190.5279559228482
Winter Wheat,1995,1.0040091638029782,1.0040091638029782,395.6283096676473,395.6283096676473
Winter Wheat,1996,1.002290950744559,1.002290950744559,198.9173089830427,198.9173089830427
Winter Wheat,1997,1.0017182130584192,1.0017182130584192,198.14047490755567,198.14047490755567
Winter Wheat,1998,1.0280641466208476,1.0280641466208476,2775.627639521048,2775.627639521048
Winter Wheat,1999,1.0074455899198167,1.0080183276059564,790.9877483036375,792.4277537531588
Winter Wheat,2000,1.0063001145475372,1.0057273768613975,395.6301156162272,494.1060698975818
Winter Wheat,2001,1.011454753722795,1.0217640320733103,1091.133508311779,1787.018819698239
Winter Wheat,2002,1.0693012600229095,1.0154639175257731,4952.559537806699,1087.882663493209
Winter Wheat,2003,1.052119129438717,1.0469644902634594,4651.763213794195,4160.661163922531
Winter Wheat,2004,1.0475372279495991,1.0257731958762886,4652.416771356156,2277.49903073808
Winter Wheat,2005,1.088201603665521,1.0790378006872852,7332.671847814924,6541.8152727773195
Winter Wheat,2006,1.0526918671248569,1.0595647193585338,4651.887510335409,4943.059730286739
Winter Wheat,2007,1.0189003436426116,1.0349369988545247,1879.1028351297864,3067.32044015851
Winter Wheat,2008,1.0315005727376862,1.0813287514318441,2773.1563442421493,6842.458140906404
Winter Wheat,2009,1.034364261168385,1.0675830469644902,3169.304657290844,5454.446601304159
Winter Wheat,2010,1.0492554410080184,1.0206185567010309,3867.661502516316,1881.3522295833156
Winter Wheat,2011,1.0492554410080184,1.0286368843069873,4353.937128577711,2667.3802550259607
Winter Wheat,2012,1.0183276059564719,1.0189003436426116,1686.7136933306836,1785.4639495500064
Winter Wheat,2013,1.0143184421534936,1.0143184421534936,1390.478319385683,1390.478319385683
Winter Wheat,2014,1.0400916380297824,1.0286368843069873,2877.62115959547,2380.518989206821
Winter Wheat,2015,1.0504009163802979,1.0309278350515463,4350.856625124953,2970.7858636227675
Winter Wheat,2016,1.0715922107674685,1.0887743413516608,5449.392772192703,6638.105404236029
Winter Wheat,2017,1.0721649484536082,1.0532646048109966,5942.221599179657,4358.9357688559485
Winter Wheat,2018,1.120274914089347,1.0475372279495991,8715.974743277224,4157.517669977538
Spring Wheat,1979,1.0011454753722795,1.0011454753722795,99.52316374984214,99.52316374984214
Spring Wheat,1980,1.0005727376861397,1.0005727376861397,99.39414523320055,99.39414523320055
Spring Wheat,1981,1.0131729667812142,1.0131729667812142,1290.5587390423361,1290.5587390423361
Spring Wheat,1982,1.002290950744559,1.002290950744559,198.9173089830427,198.9173089830427
Spring Wheat,1983,1.0011454753722795,1.0011454753722795,99.52316374984214,99.52316374984214
Spring Wheat,1984,1.0017182130584192,1.0017182130584192,198.9173089830427,198.9173089830427
Spring Wheat,1985,1.0011454753722795,1.0011454753722795,99.52316374984214,99.52316374984214
Spring Wheat,1986,1.0011454753722795,1.0011454753722795,99.52316374984214,99.52316374984214
Spring Wheat,1987,1.0017182130584192,1.0017182130584192,99.52316374984214,99.52316374984214
Spring Wheat,1988,1.0080183276059564,1.0080183276059564,1090.7322592196804,1090.7322592196804
Spring Wheat,1989,1.002290950744559,1.002290950744559,297.5309987284551,297.5309987284551
Spring Wheat,1990,1.004581901489118,1.004581901489118,398.22106718637707,398.22106718637707
Spring Wheat,1991,1.0126002290950744,1.0126002290950744,1092.2931701952566,1092.2931701952566
Spring Wheat,1992,1.0011454753722795,1.0011454753722795,99.52316374984214,99.52316374984214
Spring Wheat,1993,1.0011454753722795,1.0011454753722795,99.52316374984214,99.52316374984214
Spring Wheat,1994,1.0034364261168385,1.0034364261168385,298.5691880847099,298.5691880847099
Spring Wheat,1995,1.0011454753722795,1.0011454753722795,99.52316374984214,99.52316374984214
Spring Wheat,1996,1.0028636884306987,1.0028636884306987,398.22106718637707,398.22106718637707
Spring Wheat,1997,1.002290950744559,1.002290950744559,198.9173089830427,198.9173089830427
Spring Wheat,1998,1.0040091638029782,1.0040091638029782,397.18287783012227,397.18287783012227
Spring Wheat,1999,1.0028636884306987,1.0028636884306987,398.22106718637707,398.22106718637707
Spring Wheat,2000,1.0120274914089347,1.006872852233677,1489.8591719211781,993.9360000916122
Spring Wheat,2001,1.0108820160366552,1.0211912943871706,1391.2485039433523,2279.9452607512835
Spring Wheat,2002,1.0177548682703321,1.011454753722795,1582.2633587561343,1090.3476207027813
Spring Wheat,2003,1.0126002290950744,1.004581901489118,1088.5165950098628,496.7036273173542
Spring Wheat,2004,1.0126002290950744,1.0040091638029782,1187.3916424024144,398.22106718637707
Spring Wheat,2005,1.013745704467354,1.0097365406643757,1388.1342394314938,993.6794804498442
Spring Wheat,2006,1.0498281786941581,1.0561282932416953,5362.453292062833,5954.527016215149
Spring Wheat,2007,1.0080183276059564,1.006872852233677,891.5505731661772,695.3616834260081
Spring Wheat,2008,1.004581901489118,1.004581901489118,398.22106718637707,398.22106718637707
Spring Wheat,2009,1.0097365406643757,1.0097365406643757,1090.0774988642552,1090.0774988642552
Spring Wheat,2010,1.0441008018327607,1.032073310423826,4563.401802219536,3377.314853549985
Spring Wheat,2011,1.0183276059564719,1.0063001145475372,1484.796938877315,594.4129787217473
Spring Wheat,2012,1.0189003436426116,1.0189003436426116,1783.2425429274558,1783.2425429274558
Spring Wheat,2013,1.006872852233677,1.0057273768613975,894.5430690851103,696.0134211955999
Spring Wheat,2014,1.0011454753722795,1.0011454753722795,99.52316374984214,99.52316374984214
Spring Wheat,2015,1.0017182130584192,1.002290950744559,99.52316374984214,198.13685349525454
Spring Wheat,2016,1.0349369988545247,1.0252004581901488,2877.100851860454,2284.5056171751085
Spring Wheat,2017,1.0211912943871706,1.0189003436426116,2283.1973079656404,1986.3183497675498
Spring Wheat,2018,1.0337915234822452,1.0378006872852235,3175.7890930647136,3080.9486598641965
Silage Maize,1979,1.0011454753722795,1.0011454753722795,99.52316374984214,99.52316374984214
Silage Maize,1980,1.0011454753722795,1.0011454753722795,99.52316374984214,99.52316374984214
Silage Maize,1981,1.0051546391752577,1.0051546391752577,595.4484466772019,595.4484466772019
Silage Maize,1982,1.0011454753722795,1.0011454753722795,99.52316374984214,99.52316374984214
Silage Maize,1983,1.0017182130584192,1.0017182130584192,99.52316374984214,99.52316374984214
Silage Maize,1984,1.0011454753722795,1.0011454753722795,99.52316374984214,99.52316374984214
Silage Maize,1985,1.0011454753722795,1.0011454753722795,99.52316374984214,99.52316374984214
Silage Maize,1986,1.0017182130584192,1.0017182130584192,99.52316374984214,99.52316374984214
Silage Maize,1987,1.0017182130584192,1.0017182130584192,99.52316374984214,99.52316374984214
Silage Maize,1988,1.006872852233677,1.006872852233677,694.713270621957,694.713270621957
Silage Maize,1989,1.0034364261168385,1.0034364261168385,297.5309987284551,297.5309987284551
Silage Maize,1990,1.004581901489118,1.004581901489118,398.22106718637707,398.22106718637707
Silage Maize,1991,1.0143184421534936,1.0143184421534936,1389.1724287877487,1389.1724287877487
Silage Maize,1992,1.0017182130584192,1.0017182130584192,99.52316374984214,99.52316374984214
Silage Maize,1993,1.0011454753722795,1.0011454753722795,99.52316374984214,99.52316374984214
Silage Maize,1994,1.0080183276059564,1.0080183276059564,595.4484466772019,595.4484466772019
Silage Maize,1995,1.004581901489118,1.004581901489118,395.36423298607934,395.36423298607934
Silage Maize,1996,1.0034364261168385,1.0034364261168385,297.5309987284551,297.5309987284551
Silage Maize,1997,1.004581901489118,1.004581901489118,396.14468847386746,396.14468847386746
Silage Maize,1998,1.013745704467354,1.013745704467354,979.3156747466517,979.3156747466517
Silage Maize,1999,1.0120274914089347,1.0080183276059564,983.9674409901506,891.8119300171754
Silage Maize,2000,1.024627720504009,1.0154639175257731,1975.828884919175,1289.7819073332205
Silage Maize,2001,1.02233676975945,1.02233676975945,1980.0747157448823,1980.0747157448823
Silage Maize,2002,1.0355097365406645,1.0120274914089347,2653.0943651082316,1288.2197892189847
Silage Maize,2003,1.0148911798396334,1.011454753722795,1087.7397633007472,791.7678648444755
Silage Maize,2004,1.0131729667812142,1.0063001145475372,1088.9090822714375,496.83475693178946
Silage Maize,2005,1.0148911798396334,1.0126002290950744,1189.4752702535382,992.2478907627133
Silage Maize,2006,1.0337915234822452,1.0429553264604812,3080.8078526338054,3870.240386684312
Silage Maize,2007,1.0154639175257731,1.0097365406643757,1385.394652025666,892.589062916833
Silage Maize,2008,1.0057273768613975,1.0057273768613975,496.83475693178946,496.83475693178946
Silage Maize,2009,1.0108820160366552,1.0108820160366552,991.3329798988084,991.3329798988084
Silage Maize,2010,1.0624284077892325,1.043528064146621,5448.186051461752,3080.550119552287
Silage Maize,2011,1.0194730813287514,1.0143184421534936,1385.7916642482005,892.200199433931
Silage Maize,2012,1.0217640320733103,1.0217640320733103,1683.9777189827007,1683.9777189827007
Silage Maize,2013,1.006872852233677,1.0103092783505154,695.755989705002,892.9833691958268
Silage Maize,2014,1.0074455899198167,1.0051546391752577,692.116586930139,396.14468847386746
Silage Maize,2015,1.0063001145475372,1.0034364261168385,493.71536350766365,296.75054324066696
Silage Maize,2016,1.0160366552119129,1.0126002290950744,1286.0122808920398,990.1715120502037
Silage Maize,2017,1.0189003436426116,1.0148911798396334,1982.1595467668076,1487.5298925962832
Silage Maize,2018,1.0143184421534936,1.0143184421534936,1388.525824315196,1388.525824315196
White Potato,1979,1.061282932416953,1.061282932416953,5830.616175892833,5830.616175892833
White Potato,1980,1.0183276059564719,1.0183276059564719,2971.959498037495,2971.959498037495
White Potato,1981,1.107101947308133,1.107101947308133,13854.185528166901,13854.185528166901
White Potato,1982,1.002290950744559,1.002290950744559,295.7099396218019,295.7099396218019
White Potato,1983,1.0057273768613975,1.0057273768613975,992.639175240983,992.639175240983
White Potato,1984,1.0120274914089347,1.0120274914089347,1988.2527073837666,1988.2527073837666
White Potato,1985,1.0664375715922108,1.0664375715922108,8615.010091051041,8615.010091051041
White Potato,1986,1.0166093928980526,1.0166093928980526,2777.8218233102352,2777.8218233102352
White Potato,1987,1.0085910652920962,1.0085910652920962,1491.0348384211363,1491.0348384211363
White Potato,1988,1.041237113402062,1.041237113402062,6146.230727149915,6146.230727149915
White Potato,1989,1.0234822451317296,1.0234822451317296,4057.504144110717,4057.504144110717
White Potato,1990,1.0183276059564719,1.0183276059564719,2376.4979550316007,2376.4979550316007
White Potato,1991,1.0280641466208476,1.0280641466208476,3965.749164248842,3965.749164248842
White Potato,1992,1.0309278350515463,1.0309278350515463,4960.45534177694,4960.45534177694
White Potato,1993,1.054410080183276,1.054410080183276,6632.1063383082555,6632.1063383082555
White Potato,1994,1.0910652920962198,1.0910652920962198,11382.500648607487,11382.500648607487
White Potato,1995,1.0280641466208476,1.0280641466208476,4755.181099102825,4755.181099102825
White Potato,1996,1.009163802978236,1.009163802978236,1577.11115279866,1577.11115279866
White Potato,1997,1.065864833906071,1.065864833906071,9206.400361416694,9206.400361416694
White Potato,1998,1.0274914089347078,1.0274914089347078,4555.408463244484,4555.408463244484
White Potato,1999,1.029209621993127,1.0378006872852235,4733.015329687972,6105.174818225994
White Potato,2000,1.0189003436426116,1.0126002290950744,2182.242865228835,1485.5298962634731
White Potato,2001,1.0160366552119129,1.02233676975945,1576.7954844520498,2662.197512211337
White Potato,2002,1.1666666666666667,1.1305841924398625,18823.105924190695,13558.182588899164
White Potato,2003,1.0498281786941581,1.038946162657503,8104.539241082688,6530.217221379396
White Potato,2004,1.0813287514318441,1.0601374570446735,10781.376180391244,7828.282142520625
White Potato,2005,1.0372279495990837,1.0395189003436427,6139.179302898947,6341.853847889388
White Potato,2006,1.0664375715922108,1.0647193585337915,9599.536516716378,9313.535962270795
White Potato,2007,1.070446735395189,1.0647193585337915,9600.25069859491,9015.847218677975
White Potato,2008,1.0274914089347078,1.026918671248568,4368.634829692836,4270.406386772836
White Potato,2009,1.102520045819015,1.0836197021764031,12271.592873783131,10795.028743396295
White Potato,2010,1.1311569301260023,1.1099656357388317,15043.576476729802,11782.275074192628
White Potato,2011,1.0618556701030928,1.0549828178694158,8700.690010752514,7427.571349475123
White Potato,2012,1.0469644902634594,1.0441008018327607,7612.91181995401,7124.09712102465
White Potato,2013,1.1036655211912945,1.1042382588774342,12973.100344798593,13270.918525528803
White Potato,2014,1.0126002290950744,1.013745704467354,1579.6743379576328,1878.432425127538
White Potato,2015,1.0240549828178693,1.0166093928980526,3449.9550103121787,2477.0189872083815
White Potato,2016,1.220504009163803,1.1918671248568156,18404.8864802483,16041.946603532602
White Potato,2017,1.0469644902634594,1.041237113402062,5741.55662377622,4759.315766183538
White Potato,2018,1.1174112256586484,1.122565864833906,15916.682480491396,14944.758935564792
Oat,1979,1.0234822451317296,1.0234822451317296,2281.5206672455943,2281.5206672455943
Oat,1980,1.0349369988545247,1.0349369988545247,2875.552314610726,2875.552314610726
Oat,1981,1.1466208476517754,1.1466208476517754,12079.325225944474,12079.325225944474
Oat,1982,1.0630011454753723,1.0630011454753723,5050.539601945866,5050.539601945866
Oat,1983,1.0383734249713632,1.0383734249713632,3474.76192713237,3474.76192713237
Oat,1984,1.0429553264604812,1.0429553264604812,3865.993929528001,3865.993929528001
Oat,1985,1.0549828178694158,1.0549828178694158,4660.451981199855,4660.451981199855
Oat,1986,1.061282932416953,1.061282932416953,5160.949563207944,5160.949563207944
Oat,1987,1.0933562428407788,1.0933562428407788,7438.150147994948,7438.150147994948
Oat,1988,1.1334478808705613,1.1334478808705613,10305.496927164742,10305.496927164742
Oat,1989,1.1265750286368843,1.1265750286368843,12280.499174217495,12280.499174217495
Oat,1990,1.0538373424971363,1.0538373424971363,4850.038178610117,4850.038178610117
Oat,1991,1.122565864833906,1.122565864833906,8610.08715309142,8610.08715309142
Oat,1992,1.04581901489118,1.04581901489118,3771.1196846904277,3771.1196846904277
Oat,1993,1.0922107674684993,1.0922107674684993,8719.86913905251,8719.86913905251
Oat,1994,1.0950744558991983,1.0950744558991983,6837.490861099212,6837.490861099212
Oat,1995,1.0280641466208476,1.0280641466208476,2578.2760445679587,2578.2760445679587
Oat,1996,1.145475372279496,1.145475372279496,11985.679978809998,11985.679978809998
Oat,1997,1.1208476517754868,1.1208476517754868,9007.521441425766,9007.521441425766
Oat,1998,1.1197021764032073,1.1197021764032073,9393.31450507436,9393.31450507436
Oat,1999,1.09049255441008,1.0910652920962198,7911.929076299488,7311.57484154673
Oat,2000,1.0830469644902634,1.0693012600229095,6045.518326225102,5453.154835685948
Oat,2001,1.1305841924398625,1.1890034364261168,9899.059228067053,14945.229472614135
Oat,2002,1.2079037800687284,1.1701030927835052,17503.863745317765,13540.053553040114
Oat,2003,1.145475372279496,1.1603665521191295,11861.045831917914,12862.538305701255
Oat,2004,1.2056128293241695,1.1237113402061856,16606.58907403285,10186.201754571635
Oat,2005,1.2004581901489118,1.1557846506300113,16219.033835941442,13068.48155067049
Oat,2006,1.2153493699885451,1.1912943871706758,15625.584037260569,14056.693236272149
Oat,2007,1.072737686139748,1.1260022909507446,4947.995809731008,8520.2483808446
Oat,2008,1.0990836197021765,1.134020618556701,7422.486375379422,10392.207082586332
Oat,2009,1.2061855670103092,1.193012600229095,17503.974421364062,16919.911844903363
Oat,2010,1.1970217640320733,1.0899198167239403,16127.922753954628,8798.715393491742
Oat,2011,1.131729667812142,1.0967926689576175,10379.341836984511,7522.193046978348
Oat,2012,1.1300114547537228,1.1288659793814433,11074.175901403592,11278.251442946394
Oat,2013,1.1867124856815578,1.1655211912943872,13548.269027781756,14145.736697133389
Oat,2014,1.0761741122565864,1.0910652920962198,6045.602728521295,8218.594698109138
Oat,2015,1.0841924398625429,1.0910652920962198,6338.211086854259,6734.992791557452
Oat,2016,1.1741122565864834,1.1672394043528065,14652.485957796387,14353.576402927787
Oat,2017,1.1764032073310424,1.156930126002291,14949.918961280848,13169.674294516028
Oat,2018,1.2256586483390608,1.1701030927835052,18889.99821217525,13259.49394803178
Dry Pea,1979,1.0017182130584192,1.0017182130584192,99.52316374984214,99.52316374984214
Dry Pea,1980,1.002290950744559,1.002290950744559,198.9173089830427,198.9173089830427
Dry Pea,1981,1.0143184421534936,1.0143184421534936,1387.2226543292702,1387.2226543292702
Dry Pea,1982,1.002290950744559,1.002290950744559,198.9173089830427,198.9173089830427
Dry Pea,1983,1.0017182130584192,1.0017182130584192,99.52316374984214,99.52316374984214
Dry Pea,1984,1.002290950744559,1.002290950744559,198.9173089830427,198.9173089830427
Dry Pea,1985,1.0017182130584192,1.0017182130584192,99.52316374984214,99.52316374984214
Dry Pea,1986,1.0017182130584192,1.0017182130584192,99.52316374984214,99.52316374984214
Dry Pea,1987,1.0017182130584192,1.0017182130584192,99.52316374984214,99.52316374984214
Dry Pea,1988,1.011454753722795,1.011454753722795,1289.7782835545481,1289.7782835545481
Dry Pea,1989,1.0028636884306987,1.0028636884306987,297.5309987284551,297.5309987284551
Dry Pea,1990,1.0057273768613975,1.0057273768613975,398.22106718637707,398.22106718637707
Dry Pea,1991,1.0160366552119129,1.0160366552119129,1092.2931701952566,1092.2931701952566
Dry Pea,1992,1.002290950744559,1.002290950744559,198.9173089830427,198.9173089830427
Dry Pea,1993,1.0017182130584192,1.0017182130584192,99.52316374984214,99.52316374984214
Dry Pea,1994,1.004581901489118,1.004581901489118,398.22106718637707,398.22106718637707
Dry Pea,1995,1.0028636884306987,1.0028636884306987,198.13685349525454,198.13685349525454
Dry Pea,1996,1.0028636884306987,1.0028636884306987,298.5691880847099,298.5691880847099
Dry Pea,1997,1.002290950744559,1.002290950744559,198.9173089830427,198.9173089830427
Dry Pea,1998,1.0051546391752577,1.0051546391752577,396.14468847386746,396.14468847386746
Dry Pea,1999,1.0063001145475372,1.0063001145475372,695.6263660386879,695.6263660386879
Dry Pea,2000,1.029209621993127,1.0229095074455898,2385.435599047599,1987.2142286964056
Dry Pea,2001,1.0189003436426116,1.0257731958762886,1586.7904915750355,2179.257003781857
Dry Pea,2002,1.0126002290950744,1.009163802978236,1482.8692135229337,1089.567165214993
Dry Pea,2003,1.0148911798396334,1.0063001145475372,1087.7397633007472,495.66543796109937
Dry Pea,2004,1.0171821305841924,1.0057273768613975,1385.5321173099699,596.3615420939327
Dry Pea,2005,1.0160366552119129,1.0108820160366552,1387.4846131637398,894.2853352166436
Dry Pea,2006,1.0378006872852235,1.0486827033218786,3577.262491282408,4268.080734400172
Dry Pea,2007,1.0160366552119129,1.0103092783505154,1287.0435215040816,793.9753731714204
Dry Pea,2008,1.006872852233677,1.006872852233677,595.840031560904,595.840031560904
Dry Pea,2009,1.013745704467354,1.013745704467354,1387.871668320652,1387.871668320652
Dry Pea,2010,1.0504009163802979,1.0441008018327607,4068.1176908639263,3179.560833790145
Dry Pea,2011,1.0206185567010309,1.0085910652920962,1683.1969631005115,792.8130029449436
Dry Pea,2012,1.0240549828178693,1.0240549828178693,1783.2425429274558,1783.2425429274558
Dry Pea,2013,1.006872852233677,1.0080183276059564,794.8911899834432,893.5048797288555
Dry Pea,2014,1.0034364261168385,1.002290950744559,297.5309987284551,198.9173089830427
Dry Pea,2015,1.0040091638029782,1.0034364261168385,395.49506220611363,296.75054324066696
Dry Pea,2016,1.013745704467354,1.0103092783505154,1586.6641881249577,1290.9542485031561
Dry Pea,2017,1.0234822451317296,1.0217640320733103,1984.7601589888925,1786.4945901418128
Dry Pea,2018,1.0349369988545247,1.0423825887743414,2779.248593933961,3079.7742044229167
Winter Rape,1979,1.0,1.0,0.0,0.0
Winter Rape,1980,1.0,1.0,0.0,0.0
Winter Rape,1981,1.0,1.0,0.0,0.0
Winter Rape,1982,1.0,1.0,0.0,0.0
Winter Rape,1983,1.0017182130584192,1.0017182130584192,297.5346201407562,297.5346201407562
Winter Rape,1984,1.0005727376861397,1.0005727376861397,99.00527462911454,99.00527462911454
Winter Rape,1985,1.004581901489118,1.004581901489118,694.4636878925817,694.4636878925817
Winter Rape,1986,1.0,1.0,0.0,0.0
Winter Rape,1987,1.0011454753722795,1.0011454753722795,99.00527462911454,99.00527462911454
Winter Rape,1988,1.0,1.0,0.0,0.0
Winter Rape,1989,1.0017182130584192,1.0017182130584192,198.01054925822908,198.01054925822908
Winter Rape,1990,1.0028636884306987,1.0028636884306987,198.01054925822908,198.01054925822908
Winter Rape,1991,1.0,1.0,0.0,0.0
Winter Rape,1992,1.0063001145475372,1.0063001145475372,595.0695426593811,595.0695426593811
Winter Rape,1993,1.0057273768613975,1.0057273768613975,495.80471871462595,495.80471871462595
Winter Rape,1994,1.002290950744559,1.002290950744559,198.01054925822908,198.01054925822908
Winter Rape,1995,1.0,1.0,0.0,0.0
Winter Rape,1996,1.0,1.0,0.0,0.0
Winter Rape,1997,1.0,1.0,0.0,0.0
Winter Rape,1998,1.0177548682703321,1.0177548682703321,1586.547847302488,1586.547847302488
Winter Rape,1999,1.0,1.0,0.0,0.0
Winter Rape,2000,1.0,1.0,0.0,0.0
Winter Rape,2001,1.0005727376861397,1.0017182130584192,99.00527462911454,198.01054925822908
Winter Rape,2002,1.0040091638029782,1.002290950744559,397.05899340115207,197.48783476009163
Winter Rape,2003,1.0166093928980526,1.006872852233677,1685.4186712937512,693.9451936221816
Winter Rape,2004,1.0085910652920962,1.0040091638029782,694.9809726524281,297.1457495366702
Winter Rape,2005,1.0154639175257731,1.0120274914089347,1288.879371791127,1189.4885531028908
Winter Rape,2006,1.006872852233677,1.0011454753722795,793.8560176786082,198.14047490755567
Winter Rape,2007,1.0005727376861397,1.0017182130584192,99.00527462911454,99.00527462911454
Winter Rape,2008,1.0040091638029782,1.0257731958762886,495.0242608494278,2776.275754287877
Winter Rape,2009,1.0080183276059564,1.043528064146621,791.6478970752911,3965.6391729234974
Winter Rape,2010,1.0028636884306987,1.006872852233677,198.14047490755567,494.6335842967618
Winter Rape,2011,1.0005727376861397,1.0017182130584192,99.13520027844113,99.00527462911454
Winter Rape,2012,1.0051546391752577,1.0074455899198167,495.80471871462595,793.5988881710227
Winter Rape,2013,1.0080183276059564,1.0103092783505154,793.3399432162635,1091.6513974325067
Winter Rape,2014,1.011454753722795,1.0028636884306987,892.3452178453779,198.01054925822908
Winter Rape,2015,1.0011454753722795,1.009163802978236,197.61776040941822,792.5570750416041
Winter Rape,2016,1.0126002290950744,1.0177548682703321,1090.9978402625918,1685.034025275521
Winter Rape,2017,1.0011454753722795,1.0,99.39414523320055,0.0
Winter Rape,2018,1.0126002290950744,1.020045819014891,795.795833065018,1588.2311331997066
Spring Rape,1979,1.1827033218785796,1.1827033218785796,15799.957992337204,15799.957992337204
Spring Rape,1980,1.1758304696449027,1.1758304696449027,14149.747721608659,14149.747721608659
Spring Rape,1981,1.2182130584192439,1.2182130584192439,16922.634837546473,16922.634837546473
Spring Rape,1982,1.1781214203894617,1.1781214203894617,15924.187772246976,15924.187772246976
Spring Rape,1983,1.172966781214204,1.172966781214204,15534.180344976543,15534.180344976543
Spring Rape,1984,1.1494845360824741,1.1494845360824741,12868.41594071137,12868.41594071137
Spring Rape,1985,1.1821305841924399,1.1821305841924399,15047.585936396365,15047.585936396365
Spring Rape,1986,1.186139747995418,1.186139747995418,16532.824442893856,16532.824442893856
Spring Rape,1987,1.1827033218785796,1.1827033218785796,15939.086417349097,15939.086417349097
Spring Rape,1988,1.2176403207331041,1.2176403207331041,17715.858966761916,17715.858966761916
Spring Rape,1989,1.2124856815578464,1.2124856815578464,18404.02356038007,18404.02356038007
Spring Rape,1990,1.147766323024055,1.147766323024055,11759.313156873015,11759.313156873015
Spring Rape,1991,1.2124856815578464,1.2124856815578464,15843.537729216343,15843.537729216343
Spring Rape,1992,1.2079037800687284,1.2079037800687284,18203.48856357523,18203.48856357523
Spring Rape,1993,1.1827033218785796,1.1827033218785796,16326.203548114565,16326.203548114565
Spring Rape,1994,1.2073310423825887,1.2073310423825887,16425.26195142512,16425.26195142512
Spring Rape,1995,1.1804123711340206,1.1804123711340206,13857.581772302128,13857.581772302128
Spring Rape,1996,1.20446735395189,1.20446735395189,16033.140417159671,16033.140417159671
Spring Rape,1997,1.2142038946162657,1.2142038946162657,16827.784494179927,16827.784494179927
Spring Rape,1998,1.2846506300114549,1.2846506300114549,20063.28976252001,20063.28976252001
Spring Rape,1999,1.2222222222222223,1.2817869415807561,17900.658842101908,22982.584339263747
Spring Rape,2000,1.2623138602520045,1.2193585337915236,18101.450971899314,15530.223100122126
Spring Rape,2001,1.2336769759450172,1.2399770904925544,16917.669367079776,17811.909601327126
Spring Rape,2002,1.3528064146620848,1.236540664375716,27353.3006327453,17804.1666291067
Spring Rape,2003,1.2617411225658648,1.2210767468499428,20553.48178371606,17216.157708544233
Spring Rape,2004,1.263459335624284,1.2096219931271477,20554.175698839994,15443.093202808806
Spring Rape,2005,1.2800687285223367,1.229667812142039,21719.381607615163,16729.787755565874
Spring Rape,2006,1.263459335624284,1.2474226804123711,18775.90939808111,17717.137508446503
Spring Rape,2007,1.2915234822451318,1.2359679266895762,21424.843894236954,17125.31025268944
Spring Rape,2008,1.2989690721649485,1.236540664375716,23264.481819101064,18208.13403314285
Spring Rape,2009,1.2806414662084764,1.2405498281786942,22323.14285217013,18991.712408831467
Spring Rape,2010,1.2754868270332187,1.2308132875143185,19780.437704319484,15339.529752570446
Spring Rape,2011,1.1821305841924399,1.1804123711340206,14529.531090840312,13466.126484393113
Spring Rape,2012,1.2124856815578464,1.1735395189003437,18131.881303939987,14342.31315297329
Spring Rape,2013,1.238831615120275,1.2376861397479955,16821.109850749148,17121.859461421132
Spring Rape,2014,1.2222222222222223,1.2193585337915236,17803.752553038874,17123.808634556004
Spring Rape,2015,1.2731958762886597,1.2348224513172967,21425.675406761293,17824.993942040055
Spring Rape,2016,1.2783505154639174,1.238831615120275,19378.748591703257,17024.48122729657
Spring Rape,2017,1.2697594501718212,1.2210767468499428,21433.153056350813,17321.90019092251
Spring Rape,2018,1.2823596792668959,1.2766323024054982,22223.698875108406,19973.93184903731
