delta_suit,delta_lgp,delta_fc2,mean_precip
0.0,14.5,0.0,113.48962490484118
0.0,9.4,0.0,116.12924991496838
0.0,58.55,0.0,189.25837518689224
0.0,39.65,0.0,190.77787501744461
0.0,28.75,0.0,176.45512527429963
0.0,27.1,0.0,159.61462533108426
0.0,20.1,0.0,160.6012500627199
0.0,22.75,0.0,162.866624949174
0.0,19.35,0.0,165.15937509867362
0.0,16.5,0.0,119.72249986194075
0.0,13.5,0.0,123.72749979700893
0.0,15.2,0.0,127.10775006529875
0.0,13.5,0.0,130.18537491867318
0.0,16.0,0.0,133.11300005095546
0.0,20.1,0.0,133.68262489796615
0.0,20.65,0.0,134.4067498852033
0.0,21.45,0.0,137.90287505555898
0.0,24.2,0.0,142.4433749722084
0.0,35.0,0.0,154.74750018666964
0.0,34.85,0.0,179.91712511426303
0.0,37.55,0.0,206.39962523912544
0.0,46.05,0.0,221.980124998861
0.0,52.0,0.0,234.8418750019977
0.0,48.9,0.0,237.9086247008294
0.0,45.6,0.0,210.16837500757538
0.0,6.5,0.0,183.3011249331292
0.0,22.05,0.0,174.95737492518964
0.0,23.4,0.0,175.8858751614345
0.0,24.75,0.0,180.11849993723445
0.0,17.5,0.0,184.36837500017137
0.0,20.85,0.0,182.5132501723245
0.0,12.2,0.0,178.7861249751877
0.0,27.25,0.0,174.4001246894477
0.0,23.55,0.0,169.13849997082724
0.0,22.25,0.0,164.43412488007453
0.0,23.8,0.0,129.6198751160642
0.0,20.75,0.0,142.74450010168366
0.0,2.1,0.0,144.054000023962
0.0,11.35,0.0,145.5135000925511
0.0,6.65,0.0,144.60975000243633
0.0,10.55,0.0,143.21587475729174
0.0,3.8,0.0,142.5502502047224
0.0,6.15,0.0,143.11237531788646
0.0,20.8,0.0,143.409374985029
0.0,18.2,0.0,146.59874982840847
0.0,12.9,0.0,151.91737495062407
0.0,13.4,0.0,164.8170003558742
0.0,11.45,0.0,200.89837524991017
0.0,2.15,0.0,237.195374973258
0.0,3.65,0.0,261.46987518735693
0.0,12.1,0.0,282.55612518237905
0.0,27.95,0.0,287.01562464390884
0.0,41.55,0.0,243.53325009744148
0.0,41.6,0.0,202.62637514888775
0.0,35.15,0.0,190.5221248889342
0.0,23.95,0.0,188.78324982034974
0.0,2.6,0.0,189.71587459137663
0.0,8.6,0.0,196.395749959955
0.0,3.1,0.0,203.23087508808823
0.0,16.7,0.0,202.0556251448579
0.0,25.05,0.0,198.42637487268075
0.0,27.55,0.0,193.81312465916852
0.0,19.1,0.0,188.80387485064566
0.0,5.3,0.0,183.53437484705356
0.0,29.9,0.0,192.46649996286723
0.0,36.55,0.0,192.81825027621818
0.0,10.45,0.0,75.2190001006471
0.0,10.9,0.0,79.57800019045825
0.0,13.1,0.0,84.24337511830963
0.0,14.45,0.0,89.59500006726012
0.0,15.35,0.0,95.38575001414866
0.0,15.45,0.0,102.10649991342798
0.0,18.35,0.0,109.47562508492265
0.0,25.25,0.0,129.5077498946106
0.0,33.5,0.0,154.42687525234652
0.0,49.85,0.0,172.7118746676948
0.0,38.05,0.0,171.8186249686405
0.0,34.7,0.0,170.76600010399707
0.0,32.1,0.0,163.9413747767685
0.0,29.05,0.0,155.55899990687612
0.0,26.05,0.0,150.06337492447346
0.0,14.9,0.0,150.71062478784006
0.0,16.05,0.0,151.1951250021113
0.0,17.6,0.0,155.3167497459799
0.0,8.6,0.0,161.70712501097006
0.0,15.25,0.0,176.83200017858763
0.0,21.85,0.0,222.22274960577488
0.0,3.5,0.0,268.24274995108135
0.0,3.75,0.0,301.60912488379984
0.0,0.35,0.0,331.46849951390175
0.0,0.0,0.0,337.67999990182
0.0,4.0,0.0,279.4724999289727
0.0,24.45,0.0,222.98362492136658
0.0,44.25,0.0,206.56875013425014
0.0,38.9,0.0,203.73675012351015
0.0,36.95,0.0,204.5940000060713
0.0,33.4,0.0,214.3379998186603
0.0,0.75,0.0,224.33962550468277
0.0,3.45,0.0,223.82287503425033
0.0,0.9,0.0,219.84450041074305
0.0,28.55,0.0,215.24587500169872
0.0,11.9,0.0,210.11212507949676
0.0,0.15,0.0,204.83850046680308
0.0,19.9,0.0,226.11150020221248
0.0,42.4,0.0,256.71337510540616
0.0,11.15,0.0,271.35525026652033
0.0,43.9,0.0,240.6251250492409
0.0,41.2,0.0,211.58962507559917
0.0,28.85,0.0,199.89487522030248
0.0,10.25,0.0,79.16212506506126
0.0,12.1,0.0,83.05950002677272
0.0,10.55,0.0,88.2749999591615
0.0,11.9,0.0,94.08825006205589
0.0,12.75,0.0,100.9061249249382
0.0,12.45,0.0,108.06337494291365
0.0,11.85,0.0,116.12662502042949
0.0,25.25,0.0,141.35812518948222
0.0,33.75,0.0,173.42249991155694
0.0,36.6,0.0,197.2991249225568
0.0,41.65,0.0,197.48175031163265
0.0,40.0,0.0,197.55487514093983
0.0,18.2,0.0,185.43675012623424
0.0,11.6,0.0,169.87574983015656
0.0,10.8,0.0,158.43600022124593
0.0,28.0,0.0,158.37787523965818
0.0,10.15,0.0,158.9220001879381
0.0,3.4,0.0,163.31400001870935
0.0,12.2,0.0,170.09662528426853
0.0,16.35,0.0,185.6613751649158
0.0,23.85,0.0,233.75774975202512
0.0,28.1,0.0,282.3675003860379
0.0,19.95,0.0,320.4738750625635
0.0,6.0,0.0,354.1578750065528
0.0,1.1,0.0,364.16399987237526
0.0,1.75,0.0,300.01012498987836
0.0,11.75,0.0,237.53737526109907
0.0,43.3,0.0,220.16962487089913
0.0,10.9,0.0,218.10000018724241
0.0,12.75,0.0,219.70200018165633
0.0,7.1,0.0,230.6910000785021
0.0,3.75,0.0,242.1382499641506
0.0,8.05,0.0,242.21475009997374
0.0,1.45,0.0,238.18012501723132
0.0,1.7,0.0,234.2786247276934
0.0,22.45,0.0,229.69537509346847
0.0,8.75,0.0,225.080625078897
0.0,56.15,0.0,261.24150012419557
0.0,23.15,0.0,311.2803747589933
0.0,20.8,0.0,338.1817503229249
0.0,1.0,0.0,299.76150024766105
0.0,30.65,0.0,263.76524982836565
0.0,29.55,0.0,251.99625019233207
0.0,33.45,0.0,249.5220000180183
0.0,22.6,0.0,242.58750028123615
0.0,24.7,0.0,217.59187520176638
0.0,11.2,0.0,194.5140001642052
0.0,9.3,0.0,75.3877500833245
0.0,10.1,0.0,79.3616250606021
0.0,10.35,0.0,84.22125017365906
0.0,9.35,0.0,89.49000010592863
0.0,10.2,0.0,95.45325006244238
0.0,12.4,0.0,103.11375005289446
0.0,12.9,0.0,111.51562495175749
0.0,23.8,0.0,139.01812521880493
0.0,47.85,0.0,174.95437487778253
0.0,10.3,0.0,205.80037537850438
0.0,1.95,0.0,216.66712473463267
0.0,34.4,0.0,227.45737482903058
0.0,49.0,0.0,211.38599957535044
0.0,40.5,0.0,186.43687483121175
0.0,23.05,0.0,167.51287517303135
0.0,31.1,0.0,164.70149984695018
0.0,20.75,0.0,161.24924964958336
0.0,6.85,0.0,164.55112474814524
0.0,10.8,0.0,169.54425011309795
0.0,9.3,0.0,181.61999991396442
0.0,4.8,0.0,211.51612507186366
0.0,16.45,0.0,241.3732498856727
0.0,27.9,0.0,268.84537493959067
0.0,21.6,0.0,295.06424994820264
0.0,13.85,0.0,305.00812490750104
0.0,19.35,0.0,267.30712485299443
0.0,1.35,0.0,230.2177502899198
0.0,53.55,0.0,223.39799993592314
0.0,7.0,0.0,226.72275004284455
0.0,21.8,0.0,231.3892501990311
0.0,18.35,0.0,238.14600017697086
0.0,9.5,0.0,245.75962545748334
0.0,10.65,0.0,245.6426249830518
0.0,6.25,0.0,243.2996250410797
0.0,2.1,0.0,241.07437528767622
0.0,0.05,0.0,238.998750032112
0.0,14.9,0.0,237.4076255501015
0.0,46.7,0.0,272.04225010960363
0.0,0.95,0.0,319.5483752474189
0.0,0.0,0.0,349.2363749676151
0.0,0.0,0.0,325.9953750746557
0.0,25.0,0.0,304.408124882984
0.0,25.45,0.0,306.60375019821805
0.0,0.05,0.0,316.7606254637241
0.0,12.6,0.0,316.0162499572616
0.0,24.95,0.0,280.76699994883967
0.0,14.95,0.0,247.146375270281
0.0,8.8,0.0,233.53800018429757
0.0,14.75,0.0,225.99750035533216
0.0,10.7,0.0,81.41025005904957
0.0,9.55,0.0,86.25450025331229
0.0,10.0,0.0,91.68937500272878
0.0,11.9,0.0,99.3307497915579
0.0,11.45,0.0,107.66700002008584
0.0,22.65,0.0,137.56312500487547
0.0,28.95,0.0,176.25150002304
0.0,19.75,0.0,212.20912504130973
0.0,21.25,0.0,234.69900008786936
0.0,7.0,0.0,256.47900022007525
0.0,0.35,0.0,237.4218752643792
0.0,32.45,0.0,204.10237521938978
0.0,41.85,0.0,177.25537494348828
0.0,40.25,0.0,170.87175021974835
0.0,31.3,0.0,164.29987517169212
0.0,31.1,0.0,165.43687491079328
0.0,15.75,0.0,171.73762517806608
0.0,19.05,0.0,178.6436249656137
0.0,16.5,0.0,189.74887516631279
0.0,9.35,0.0,201.55725023655685
0.0,8.6,0.0,216.51375030661
0.0,23.85,0.0,233.1292499174364
0.0,20.95,0.0,243.33112491343635
0.0,5.55,0.0,233.38350017601624
0.0,20.1,0.0,224.0760004529264
0.0,48.55,0.0,227.96474993606097
0.0,21.55,0.0,236.81625007400288
0.0,12.2,0.0,244.45424990097527
0.0,6.55,0.0,247.20037474720738
0.0,0.5,0.0,250.412249822123
0.0,5.35,0.0,250.22549990438856
0.0,15.1,0.0,249.32962508273778
0.0,17.2,0.0,249.06974975059273
0.0,12.5,0.0,249.9896252445178
0.0,6.6,0.0,251.1431249913061
0.0,35.95,0.0,283.7508748574881
0.0,33.0,0.0,328.3638753019739
0.0,14.15,0.0,360.24825039401185
0.0,0.15,0.0,354.93412495960945
0.0,0.3,0.0,349.6856252387632
0.0,0.0,0.0,367.60537505638786
0.0,0.1,0.0,392.24024955725764
0.0,0.15,0.0,397.9177504929714
0.0,0.0,0.0,350.5908746825997
0.0,12.4,0.0,306.19837519451977
0.0,0.4,0.0,287.3422498694621
0.0,9.5,0.0,276.4080002120929
0.0,18.3,0.0,263.26312545407563
0.0,0.25,-0.001025739312171936,244.78200013218446
0.0,11.8,0.0,85.06837501164992
0.0,12.85,0.0,90.64687497464475
0.0,12.15,0.0,97.63987507498823
0.0,12.85,0.0,105.1563751783222
0.0,21.1,0.0,128.3981250310084
0.0,30.55,0.0,158.82712462441995
0.0,38.5,0.0,188.25900010303593
0.0,44.45,0.0,209.3452497270424
0.0,33.3,0.0,230.00362502250354
0.0,4.0,0.0,219.28050000923685
0.0,21.45,0.0,196.74450047016143
0.0,26.1,0.0,177.89025021877606
0.0,40.0,0.0,173.65350026448723
0.0,37.2,0.0,168.83437490051148
0.0,42.0,0.0,171.01837502054406
0.0,40.2,0.0,177.58575008416082
0.0,38.25,0.0,184.37362518350128
0.0,31.8,0.0,189.78712502312845
0.0,24.75,0.0,195.83025024388917
0.0,8.5,0.0,205.75912507069296
0.0,16.75,0.0,217.53862532703207
0.0,17.85,0.0,226.95150022204035
0.0,14.3,0.0,228.35625031406525
0.0,9.2,0.0,229.83337503825314
0.0,29.35,0.0,245.156250062841
0.0,54.2,0.0,266.4498750437982
0.0,62.1,0.05,281.930250288127
0.0,48.95,0.0,278.8289998858236
0.0,19.35,0.0,276.37049976231066
0.0,32.55,0.0,274.2780001393054
0.0,2.65,0.0,272.55449996876996
0.0,0.9,0.0,271.5915001563029
0.0,14.2,0.0,272.20837513434236
0.0,16.75,0.0,273.11212528368924
0.0,22.4,0.0,295.67062541795895
0.0,16.55,0.0,326.02200013329275
0.0,0.1,0.0,349.7193750561681
0.0,0.15,0.0,349.53262527042534
0.0,1.15,0.0,349.1561249014223
0.0,8.85,0.0,368.82075030538255
0.0,7.5,0.0,393.88387502126864
0.0,0.65,0.0,403.17225024646615
0.0,0.05,0.0,369.10837539846545
0.0,0.0,0.0,337.1231252207188
0.0,0.15,0.0,324.9127499610651
0.0,0.6,0.0,318.64462523504625
0.0,4.9,0.0,309.9622499794932
0.0,11.1,0.0,295.5521249797195
0.0,10.55,0.0,281.5586251462111
0.0,12.1,0.0,91.59337497900705
0.0,14.95,0.0,98.10037497854792
0.0,15.2,0.0,104.80012505399063
0.0,17.6,0.0,118.48912501416635
0.0,24.85,0.0,136.24612489882855
0.0,31.55,0.0,154.57612492516637
0.0,36.85,0.0,169.9368748378707
0.0,40.7,0.0,186.43537484535483
0.0,30.3,0.0,185.2687498973217
0.0,5.05,0.0,179.47762491016184
0.0,15.85,0.0,174.87262499022762
0.0,27.45,0.0,175.151249984256
0.0,37.95,0.0,174.47100011708682
0.0,40.7,0.0,179.8050000413088
0.0,42.95,0.0,187.103999879607
0.0,48.6,0.0,194.09699996374547
0.0,34.5,0.0,197.60624988728668
0.0,41.5,0.0,201.73724989909678
0.0,30.75,0.0,209.14762508340647
0.0,19.75,0.0,217.76249975450338
0.0,14.15,0.0,226.43287491712255
0.0,18.95,0.0,233.1003752246499
0.0,16.05,0.0,239.77875016157049
0.0,11.1,0.0,268.08075054734945
0.0,4.4,0.0,305.4682502107462
0.0,9.2,0.0,331.88287456280085
0.0,35.0,0.0,322.5753744660178
0.0,27.4,0.0,313.2896249047946
0.0,26.1,0.0,308.486624972336
0.0,29.4,0.0,305.4772501675878
0.0,18.65,0.0,303.0990002577193
0.0,0.05,0.0,302.01937480457127
0.0,0.0,0.0,301.5817501906073
0.0,1.15,0.0,309.2718753583031
0.0,19.1,0.0,320.30624983776363
0.0,18.9,0.0,329.7772499444429
0.0,21.05,0.05,330.34575014256404
0.0,1.0,0.0,331.0762507320149
0.0,0.2,0.0,346.45125028800686
0.0,0.3,0.0,365.85487437639387
0.0,0.65,0.0,377.62874965120574
0.0,0.35,0.0,368.37675011688845
0.0,0.1,0.0,359.4873753083404
0.0,0.05,0.0,358.9912500989391
0.0,0.1,0.0,360.5786252218997
0.0,0.05,0.0,359.8451250157552
0.0,0.35,0.0,354.36337545956485
0.0,0.0,0.0,347.86274992488325
0.0,17.1,0.1,320.14724986522924
0.0,5.45,0.0,36.69150008813013
0.0,12.6,0.0,94.31287502984051
0.0,13.2,0.0,99.95849997776095
0.0,15.8,0.0,106.1111248408677
0.0,17.85,0.0,113.7843750679167
0.0,19.95,0.0,121.66499991654419
0.0,22.3,0.0,131.47162513067013
0.0,25.0,0.0,141.9067500805715
0.0,31.0,0.0,153.6840001110686
0.0,32.1,0.0,161.87212520583998
0.0,31.4,0.0,168.8988752529025
0.0,5.35,0.0,174.152250215807
0.0,7.65,0.0,177.3794999388512
0.0,16.55,0.0,181.88399991367478
0.0,43.25,0.0,188.34750020534267
0.0,42.35,0.0,196.96612505209632
0.0,45.65,0.0,204.5981247976888
0.0,43.25,0.0,206.65162517100106
0.0,52.45,0.0,209.1956250186544
0.0,42.7,0.0,214.99874969923403
0.0,40.4,0.0,221.38537540361284
0.0,32.1,0.0,229.20225003038067
0.0,30.55,0.0,239.39025015681983
0.0,20.8,0.0,249.71099994792604
0.0,11.7,0.0,288.25199981562326
0.0,6.2,0.0,338.9358746183105
0.0,0.85,0.0,374.19787513911723
0.0,4.4,0.0,360.7170006020227
0.0,2.2,0.0,346.9968748334562
0.0,0.1,0.0,341.9287505276967
0.0,8.4,0.0,340.1433750478318
0.0,20.65,0.0,337.787250268436
0.0,18.45,0.0,334.582500236202
0.0,0.25,0.0,331.84387549057135
0.0,0.95,0.0,325.717875305051
0.0,0.25,0.0,320.7937498806743
0.0,3.1,0.0,317.4434996346943
0.0,6.35,0.0,318.6352500559762
0.0,11.3,0.0,320.57737489636054
0.0,5.05,0.0,331.60799949322825
0.0,-0.35,0.0,345.2692498859484
0.0,0.1,0.0,358.4497496889438
0.0,0.05,0.0,369.80325042665936
0.0,0.6,0.0,379.967625132855
0.0,1.3,0.0,389.05312501585576
0.0,0.0,0.0,396.73087490659674
0.0,0.1,0.0,402.39974973977075
0.0,7.25,0.0,404.3872507321183
0.0,0.05,0.0,404.33437440025153
0.0,0.25,0.0,373.43775001808535
0.0,16.3,0.15,333.87674975336995
0.0,9.4,-0.05,262.08187507821714
0.0,4.45,0.0,34.93200005174149
0.0,5.3,0.0,42.24862514974084
0.0,7.55,0.0,50.17837510302197
0.0,9.1,0.0,55.893375032884066
0.0,7.55,0.0,61.581750031630506
0.0,8.15,0.0,67.28550001042895
0.0,13.85,0.0,99.18824999432545
0.0,15.65,0.0,103.03274992732331
0.0,17.0,0.0,108.28649996698368
0.0,17.95,0.0,115.77149995309301
0.0,20.9,0.0,124.62712493261787
0.0,22.55,0.0,133.24875030168332
0.0,25.5,0.0,142.03725009507033
0.0,30.4,0.0,151.70812472514808
0.0,31.65,0.0,159.84937480848748
0.0,33.05,0.0,166.97287481860258
0.0,35.2,0.0,175.46325023518875
0.0,37.1,0.0,183.0843747737119
0.0,20.05,0.0,191.28225013925694
0.0,5.5,0.0,199.60012467270718
0.0,5.05,0.0,210.38662500502542
0.0,22.0,0.0,218.84737475628498
0.0,41.1,0.0,218.91374999296386
0.0,43.75,0.0,219.3659997634357
0.0,48.45,0.0,222.82987513141705
0.0,47.35,0.0,227.3261247259332
0.0,48.4,0.0,233.62687484249471
0.0,39.35,0.0,244.56712478934787
0.0,26.4,0.0,256.2697498661466
0.0,11.3,0.0,294.26774973608553
0.0,2.35,0.0,344.6107495750766
0.0,0.65,0.0,380.8762499538716
0.0,0.1,0.0,372.1094999571331
0.0,0.35,0.0,363.05249996967615
0.0,28.85,0.0,365.3047503859969
0.0,0.65,0.0,371.2293750552926
0.0,0.4,0.0,373.8198744641384
0.0,11.25,0.0,367.9031248578103
0.0,8.95,0.0,361.72462472957557
0.0,12.55,0.0,351.88612468033097
0.0,2.05,0.0,341.52037517405114
0.0,0.2,0.0,335.3220001286827
0.0,-0.25,0.0,340.86524991772603
0.0,4.15,0.0,346.47150026373566
0.0,4.5,0.0,354.6101252297405
0.0,5.45,0.0,363.0026251602452
0.0,0.35,0.0,372.13424988577606
0.0,0.15,0.0,382.8247499568621
0.0,0.0,0.0,392.0970007046359
0.0,1.05,0.0,399.1927505253349
0.0,2.05,0.0,404.8931244802428
0.0,1.65,0.0,409.5116248277016
0.0,0.0,0.0,414.04612476411273
0.0,0.35,0.0,415.76700039280115
0.0,13.95,0.05,398.2241251473082
0.0,2.25,0.0,373.7752499765949
0.0,5.55,0.0,347.234250285523
0.0,1.25,0.0,318.54337516997475
0.0,-2.15,0.0,292.0282501083333
0.0,-19.4,0.0,264.40950014200064
0.0,4.65,0.0,41.64337501560804
0.0,6.3,0.0,47.98575007657055
0.0,6.85,0.0,54.76950013712049
0.0,8.8,0.0,61.84800003885757
0.0,9.65,0.0,69.75300009190104
0.0,9.3,0.0,74.91862515369431
0.0,10.7,0.0,80.16787505263929
0.0,14.65,0.0,97.21687492751516
0.0,16.1,0.0,104.37937499650289
0.0,16.6,0.0,107.43412527118343
0.0,19.8,0.0,111.47137513253838
0.0,23.8,0.0,118.4688748621149
0.0,21.4,0.0,127.00162523579783
0.0,22.4,0.0,136.39425001649653
0.0,26.85,0.0,142.5888753930805
0.0,26.3,0.0,150.25912491877096
0.0,28.85,0.0,158.8301246209303
0.0,34.65,0.0,168.2242498742882
0.0,37.55,0.0,178.1433753571473
0.0,42.65,0.0,189.02887521651573
0.0,41.6,0.0,200.35087508691942
0.0,31.05,0.0,211.78687525603453
0.0,7.8,0.0,225.0907501438167
0.0,0.15,0.0,235.44787508838346
0.0,14.65,0.0,232.44599965373055
0.0,27.5,0.0,230.58862467736472
0.0,39.25,0.0,231.66862462423742
0.0,38.0,0.0,234.1743751468137
0.0,38.95,0.0,239.1667499128962
0.0,28.2,0.0,250.84425028718542
0.0,30.15,0.0,263.4390001097228
0.0,12.4,0.0,301.5517501210328
0.0,1.9,0.0,350.19187529995105
0.0,2.15,0.0,387.08362489563876
0.0,1.4,0.0,383.524125158228
0.0,0.1,0.0,379.80675000285265
0.0,12.2,0.0,389.5458751665428
0.0,1.3,0.0,404.05912513849324
0.0,0.5,0.0,412.5761249192525
0.0,0.5,0.0,403.26824936966875
0.0,0.45,0.0,395.27924967773725
0.0,8.55,0.0,380.31225037083493
0.0,8.9,0.0,363.9585002478445
0.0,0.9,0.0,354.6273747324478
0.0,0.25,0.0,364.54762519313954
0.0,0.65,0.0,374.095875497628
0.0,0.95,0.0,378.7424996201415
0.0,0.25,0.0,381.3299999377923
0.0,0.3,0.0,385.45425001406113
0.0,2.1,0.0,394.97100010782015
0.0,0.2,0.0,403.7362502521137
0.0,0.35,0.0,408.9629999008263
0.0,0.0,0.0,412.55062457669993
0.0,1.25,0.0,416.5331251262454
0.0,1.5,0.0,423.853875581827
0.0,-0.1,0.0,428.2916250968119
0.0,0.0,0.0,425.7622496995609
0.0,0.0,0.0,418.3698752190685
0.0,0.0,0.0,400.39200034977404
0.0,0.1,0.0,361.8543750125682
0.0,4.95,0.05,326.3658743993845
0.0,0.85,-0.049445131421089174,298.53112473492513
0.0,-8.85,-0.04906005859375,275.10974999815227
0.0,1.35,-0.05,255.03487499228214
0.0,7.45,0.0,60.82537496439181
0.0,8.75,0.0,67.88812503004446
0.0,8.6,0.0,73.95787503169849
0.0,8.85,0.0,79.60650010192767
0.0,11.45,0.0,86.67412486197426
0.0,13.35,0.0,94.83225010586902
0.0,17.1,0.0,102.39712517992594
0.0,17.7,0.0,106.02750017689542
0.0,13.5,0.0,110.14537508855574
0.0,15.7,0.0,117.92624991296324
0.0,19.0,0.0,127.21462535299361
0.0,24.4,0.0,137.03249997908716
0.0,24.35,0.0,144.3971249223454
0.0,27.6,0.0,152.68649995566813
0.0,32.05,0.0,165.06637497234624
0.0,26.2,0.0,179.7183752577286
0.0,37.7,0.0,193.54424996860325
0.0,41.6,0.0,202.54649970415048
0.0,44.6,0.0,212.4082496845396
0.0,50.05,0.0,226.01550012319348
0.0,47.95,0.0,242.99249995341523
0.0,33.75,0.0,255.88762479550206
0.0,27.35,0.0,255.74774976635817
0.0,25.6,0.0,255.91950021872762
0.0,11.5,0.0,252.46387507424225
0.0,12.35,0.0,248.31187505556736
0.0,29.05,0.0,248.1945000554668
0.0,25.65,0.0,258.77812532261015
0.0,5.65,0.0,269.79675014480017
0.0,8.4,0.0,299.3760000295239
0.0,18.35,0.0,337.31399996259717
0.0,12.6,0.0,366.49987473553045
0.0,2.2,0.0,369.79274997720495
0.0,0.85,0.0,372.850500308699
0.0,2.5,0.0,384.6832500505028
0.0,2.8,0.0,399.8111253309762
0.0,0.1,0.0,408.5910001904238
0.0,0.6,0.0,403.6500003589317
0.0,0.55,0.0,399.2253749765223
0.0,0.25,0.0,388.2191253541503
0.0,3.05,0.0,376.0278751445236
0.0,1.6,0.0,369.32625036945103
0.0,1.15,0.0,377.14650002245327
0.0,0.05,0.0,386.1513746606885
0.0,-0.05,0.0,396.2913746981882
0.0,0.35,0.0,406.0379998606862
0.0,0.0,0.0,414.8287506547291
0.0,0.35,0.0,420.3854998274939
0.0,0.0,0.0,425.4697503221454
0.0,-0.05,0.0,428.110500166961
0.0,0.0,0.0,429.0457501253812
0.0,0.0,0.0,431.2586251824396
0.0,0.15,0.0,438.94087532737757
0.0,0.0,0.0,444.0183753234334
0.0,1.85,0.0,444.9993747949135
0.0,0.0,0.0,441.2028751812177
0.0,0.0,0.0,426.39637537417
0.0,1.5,-0.04887966215610504,391.6125001913635
0.0,-2.8,0.0,359.35050050050484
0.0,0.0,0.0,310.30050007584504
0.0,-0.2,0.0,295.5577501985943
0.0,3.85,-0.05,293.54287541038354
0.0,12.05,0.0,301.72650018006095
0.0,8.9,0.0,72.70275008589961
0.0,9.3,0.0,78.99262508139945
0.0,10.65,0.0,85.53975000090432
0.0,12.6,0.0,92.28150019927416
0.0,16.8,0.0,99.05400013320613
0.0,17.65,0.0,103.70662510525435
0.0,14.3,0.0,109.35975016462616
0.0,14.4,0.0,116.9801249870332
0.0,10.8,0.0,128.08275005666073
0.0,22.4,0.0,139.00087509404403
0.0,25.95,0.0,147.4526248994749
0.0,29.75,0.0,157.778249965515
0.0,36.4,0.0,175.93349999417552
0.0,34.55,0.0,197.63624986729118
0.0,34.1,0.0,215.15999977628235
0.0,25.55,0.0,220.5187497601146
0.0,8.45,0.0,226.30350002481137
0.0,28.2,0.0,241.44187522321008
0.0,43.65,0.0,260.72737504844554
0.0,47.55,0.0,276.98100013132205
0.0,59.8,0.0,282.1938746772474
0.0,35.8,0.0,286.843874924304
0.0,14.05,0.0,278.19524992753287
0.0,1.6,0.0,265.73699968443253
0.0,9.1,0.0,259.095750189363
0.0,24.35,0.0,267.5962501516333
0.0,24.85,0.0,276.46800008169373
0.0,20.25,0.0,294.81637494955214
0.0,13.9,0.0,317.5424999776063
0.0,9.95,0.0,337.035375087033
0.0,6.45,0.0,347.22449994820636
0.0,6.1,0.0,357.903375135432
0.0,5.1,0.0,369.459000019636
0.0,6.75,0.0,380.8260006967233
0.0,1.45,0.0,389.8762500125449
0.0,0.25,0.0,390.2178755074274
0.0,0.45,0.0,391.3424998555565
0.0,0.85,0.0,388.1996252168901
0.0,0.35,0.0,383.47612491035835
0.0,0.15,0.0,381.78974965373055
0.0,1.65,0.0,386.29012458333744
0.0,1.35,0.0,390.9918748023221
0.0,0.0,0.0,410.06699925581927
0.0,0.0,0.0,432.9720000351314
0.0,0.0,0.0,449.9246255423641
0.0,0.0,0.0,451.13099995430093
0.0,0.0,0.0,451.58324936265126
0.0,0.25,0.0,450.8174997771624
0.0,0.0,0.0,448.9788749351399
0.0,0.0,0.0,449.03549986486325
0.0,0.0,0.0,456.5043750498211
0.0,0.2,0.0,461.46187534001655
0.0,0.0,0.0,461.44874959415756
0.0,2.25,0.0,456.93037413826676
0.0,0.0,0.0,444.217875161767
0.0,0.0,0.0,420.2028746432625
0.0,-0.7,0.0,396.40312513082756
0.0,-1.85,0.05000258684158325,373.2558755322592
0.0,-5.0,0.0,353.0253749045311
0.0,-4.3,0.0,346.5221251073992
0.0,-0.35,0.0,372.6967503786553
0.0,4.05,0.0,409.1291250047507
0.0,26.2,0.5482110261917115,400.11337491252925
0.0,9.25,0.0,78.35662501496263
0.0,11.7,0.0,84.64987515937537
0.0,11.85,0.0,90.67425009019207
0.0,14.95,0.0,96.58912517835851
0.0,16.4,0.0,101.42025004781317
0.0,18.55,0.0,107.2485001299996
0.0,18.55,0.0,115.64962484617718
0.0,19.95,0.0,127.23375006290152
0.0,20.3,0.0,139.23075015218927
0.0,22.9,0.0,150.17550006359815
0.0,23.8,0.0,163.99837501936128
0.0,14.4,0.0,185.3010000313865
0.0,14.1,0.0,210.03900031158702
0.0,10.0,0.0,229.7216251679929
0.0,10.3,0.0,232.63462486565112
0.0,8.15,0.0,236.4540000984911
0.0,17.25,0.0,252.90712511185558
0.0,21.25,0.0,276.5242498237873
0.0,22.85,0.0,298.2059998258716
0.0,28.5,0.0,310.9773746961029
0.0,36.6,0.0,324.03187483265066
0.0,39.35,0.0,309.3292501752032
0.0,39.4,0.0,286.4658744095592
0.0,27.65,0.0,270.89324981262905
0.0,9.85,0.0,277.1077499391278
0.0,4.15,0.0,283.71600034511647
0.0,7.5,0.0,293.46187489475125
0.0,6.85,0.0,305.65649968483484
0.0,3.45,0.0,318.5643746007234
0.0,5.0,0.0,332.9385000522714
0.0,5.05,0.0,348.2351253207773
0.0,-0.5,0.0,377.295749976323
0.0,1.0,0.0,380.70149991628716
0.0,0.65,0.0,386.75549993643074
0.0,0.4,0.0,389.2612500477815
0.0,0.65,0.0,391.37925010581966
0.0,0.05,0.0,394.71075018378906
0.0,-0.7,0.0,396.6933751043165
0.0,-0.2,0.0,399.4646254689898
0.0,0.45,0.0,426.75525058952627
0.0,-0.15,0.0,461.0223753186874
0.0,0.0,0.0,484.9511251459131
0.0,0.0,0.0,480.94649968796875
0.0,0.0,0.0,476.61937508212867
0.0,0.0,0.0,472.63425006417094
0.0,0.0,0.0,468.29437419557945
0.0,0.0,0.0,466.1669997770805
0.0,0.0,0.0,472.81724948680494
0.0,0.55,0.0,477.23174943930934
0.0,-0.05,0.0,476.1539998007705
0.0,0.0,0.0,470.7420005684486
0.0,-0.1,0.0,460.89337468631567
0.0,-0.35,0.0,447.3363747904077
0.0,0.0,0.0,431.6962494606152
0.0,0.0,0.0,411.37237530436835
0.0,-0.3,-0.05004004538059235,392.9535001157783
0.0,-2.7,0.0,391.82625010225456
0.0,-0.5,0.0,436.76062527901956
0.0,0.0,0.0,491.51512452233584
0.0,0.15,0.0,482.69774993795437
0.0,1.95,0.0,457.3466245104326
0.0,8.05,0.0014092713594436646,432.8486251812894
0.0,11.9,0.0,83.53724990019109
0.0,12.4,0.0,88.80075010359288
0.0,12.15,0.0,93.06674978686496
0.0,14.25,0.0,96.94687504819595
0.0,13.65,0.0,101.94975019954146
0.0,15.2,0.0,109.69462484694085
0.0,18.2,0.0,120.69150025420822
0.0,20.55,0.0,133.61362501208205
0.0,25.75,0.0,150.6847497968003
0.0,31.2,0.0,170.8912499003578
0.0,26.15,0.0,189.1477506518364
0.0,33.25,0.0,206.5818751673214
0.0,20.95,0.0,221.02012496709358
0.0,35.65,0.0,225.94387504959013
0.0,19.25,0.0,231.35625018137506
0.0,9.25,0.0,256.32449990687894
0.0,18.95,0.0,290.62725033988244
0.0,18.85,0.0,324.3922501136549
0.0,10.05,0.0,350.8796247028513
0.0,17.75,0.0,378.6723745516036
0.0,21.1,0.0,356.61974996326023
0.0,27.05,0.0,315.04425038765186
0.0,32.9,0.0,283.83712498687674
0.0,15.2,0.0,286.57387539125045
0.0,13.0,0.0,290.0193747704849
0.0,5.2,0.0,299.803125305241
0.0,12.2,0.0,312.2816254450474
0.0,15.45,0.0,325.2761249402305
0.0,16.25,0.0,337.9755003093742
0.0,15.7,0.0,351.9899999852758
0.0,12.0,0.0,363.6562502630753
0.0,-1.95,0.0,374.7476247936487
0.0,-0.75,0.0,383.9411251507234
0.0,-0.5,0.0,387.9603749867994
0.0,3.35,0.0,392.29799973051996
0.0,0.0,0.0,397.18875021445564
0.0,0.05,0.0,403.11675073783846
0.0,-0.4,0.0,408.90000007287597
0.0,-0.15,0.0,414.14812489869075
0.0,-0.05,0.0,420.1425006162608
0.0,0.1,0.0,452.65650063948704
0.0,0.35,0.0,492.72112507394047
0.0,0.3,0.0,519.2838749608258
0.0,0.15,0.0,508.6901254747296
0.0,0.1,0.0,497.72400044100357
0.0,0.0,0.0,490.66537474957295
0.0,0.0,0.0,484.4730002168333
0.0,0.0,0.0,480.4331247450318
0.0,0.0,0.0,485.30400013509205
0.0,0.0,0.0,487.700999961514
0.0,0.0,0.0,486.74287557739297
0.0,0.0,0.0,482.21812514809426
0.0,-0.05,0.0,473.90625021224844
0.0,0.0,0.0,462.862499666959
0.0,0.0,0.0,449.4967498006998
0.0,-2.9,0.0022104352712631224,429.4785006954568
0.0,-4.9,-0.09804915189743042,408.94500009734185
0.0,-3.6,-0.14829145073890687,403.17712519851045
0.0,0.35,0.05154082179069519,433.2686251581414
0.0,-1.2,0.0,474.38512498980856
0.0,0.0,0.0,478.76550022733863
0.0,0.0,0.0,474.5092500876402
0.0,-0.05,0.0,466.6852504988201
0.0,2.3,-0.04707009494304657,433.08487541784996
0.0,-7.65,-0.14911968410015106,396.44324998531954
0.0,10.3,0.0,91.18125004472677
0.0,10.6,0.0,94.40025005792268
0.0,10.95,0.0,98.69624981347006
0.0,12.15,0.0,105.41287498753518
0.0,15.9,0.0,115.34625015966594
0.0,17.9,0.0,129.70275007721503
0.0,26.8,0.0,152.27812499571593
0.0,36.9,0.0,178.83525013006292
0.0,40.4,0.0,193.53787500264588
0.0,42.9,0.0,203.4239999195328
0.0,38.35,0.0,213.41399999845308
0.0,19.5,0.0,219.73612497507128
0.0,26.7,0.0,226.2198752433993
0.0,26.45,0.0,260.1671254130546
0.0,7.25,0.0,305.9520000721095
0.0,4.7,0.0,349.4043752575759
0.0,5.25,0.0,388.7051253511105
0.0,1.55,0.0,429.89137522513045
0.0,17.6,0.0,401.28412548310587
0.0,12.6,0.0,343.59562442039606
0.0,22.6,0.0,297.4087499816902
0.0,20.05,0.0,296.6576245228527
0.0,4.6,0.0,296.4363749737619
0.0,4.2,0.0,306.20662488255186
0.0,8.15,0.0,319.858500242373
0.0,2.1,0.0,331.84350029423365
0.0,10.05,0.0,343.49699988847135
0.0,10.6,0.0,356.9621247948147
0.0,9.35,0.0,369.67725071066525
0.0,8.05,0.0,382.3241248653503
0.0,4.7,0.0,392.9204999114387
0.0,2.65,0.0,395.5736249121372
0.0,1.5,0.0,398.59312452694866
0.0,-0.4,0.0,405.8407499562483
0.0,-0.15,0.0,414.7777494217502
0.0,-0.1,0.0,423.17324968918695
0.0,-0.3,0.0,431.5987503237091
0.0,-0.85,0.0,440.8248752093641
0.0,0.0,0.0,478.48949996803424
0.0,0.0,0.0,524.8488752598408
0.0,0.0,0.0,554.0887503792532
0.0,0.0,0.0,536.5920002686792
0.0,0.0,0.0,519.2741252644686
0.0,0.05,0.0,509.1551247810479
0.0,0.0,0.0,500.71125042608475
0.0,0.0,0.0,494.82300006174484
0.0,0.0,0.0,497.20162507467904
0.0,0.0,0.0,497.9887497780379
0.0,0.0,0.0,497.0054995358223
0.0,0.0,0.0,493.77825021038296
0.0,0.0,0.0,487.8573746786686
0.0,0.0,0.0,479.1239999479614
0.0,0.0,0.0,468.6303745409008
0.0,-1.5,0.0,449.70749991293997
0.0,-0.2,0.0,429.20174998403525
0.0,-2.6,0.0,418.84612528644504
0.0,-1.5,-0.04956552982330322,434.27662499877624
0.0,0.2,0.0005184680223464966,460.53787513175047
0.0,-0.95,0.0,478.44000006632416
0.0,-0.9,0.0,496.8026247166563
0.0,-0.85,0.0,506.6677502483129
0.0,-0.95,0.0,475.11187510287857
0.0,-0.95,0.0,442.739250329067
0.0,-7.5,0.0,433.0634998885915
0.0,-7.05,-0.05,428.5518747462891
0.0,8.5,0.0,92.0613751928322
0.0,9.25,0.0,94.96950010231231
0.0,9.95,0.0,98.9936251028208
0.0,11.45,0.0,105.90112483929843
0.0,15.05,0.0,116.15287495260127
0.0,3.55,0.0,134.72587510580198
0.0,4.8,0.0,157.24162497066428
0.0,21.25,0.0,174.15525010502898
0.0,15.4,0.0,189.16349997713695
0.0,17.05,0.0,201.58350005957763
0.0,16.85,0.0,203.54100001989863
0.0,19.35,0.0,205.53074998660014
0.0,39.05,0.0,232.93199931860437
0.0,41.1,0.0,270.2864999679383
0.0,30.15,0.0,307.0567496070638
0.0,27.75,0.0,341.8057495560497
0.0,20.2,0.0,378.38287509896327
0.0,11.6,0.0,360.0033750073984
0.0,11.15,0.0,318.36487447223624
0.0,13.1,0.0,285.6116249548271
0.0,17.9,0.0,287.03850020044484
0.0,18.75,0.0,289.0560003226856
0.0,18.0,0.0,297.577124986425
0.0,15.35,0.0,308.6448746365728
0.0,5.55,0.0,320.2889998491388
0.0,1.4,0.0,332.71949983017987
0.0,0.25,0.0,346.4043750269804
0.0,1.15,0.0,360.2561246265192
0.0,1.2,0.0,373.5356246445561
0.0,-0.5,0.0,385.0653744643554
0.0,1.15,0.0,390.3389998676954
0.0,-0.65,0.0,395.70562565724833
0.0,-1.25,0.0,405.3562500532018
0.0,0.15,0.0,416.6328745333012
0.0,-0.45,0.0,426.21862499949054
0.0,-1.7,0.0,432.01350023353007
0.0,0.0,0.0,438.9506251360523
0.0,0.0,0.0,469.9635002087569
0.0,0.0,0.0,509.00924980675336
0.0,0.2,0.0,534.2730002724799
0.0,0.0,0.0,524.6805002343608
0.0,0.0,0.0,514.5660004154779
0.0,0.0,0.0,510.9873744054697
0.0,0.0,0.0,508.3293753700098
0.0,0.0,0.0,506.64375025783664
0.0,0.0,0.0,508.57124963200187
0.0,0.0,0.0,508.9252502370393
0.0,0.0,0.0,507.9536251662532
0.0,0.0,0.0,505.2866251051426
0.0,0.0,0.0,500.26762463953344
0.0,-0.15,0.0,492.53099950279574
0.0,0.0,0.0,483.4203751940513
0.0,0.0,0.0,467.6058750159573
0.0,0.0,0.0,451.0949997957097
0.0,0.0,0.0,440.58487482299097
0.0,-1.45,0.0,449.0358750979649
0.0,-0.8,0.04968191385269165,465.17287552102937
0.0,0.75,1.4013051986694336e-05,481.70512445371133
0.10000000149011612,0.55,0.04927693605422974,501.13762534789277
0.0,-0.6,0.0,513.904499757709
0.0,-0.6,0.0,494.21812522769903
0.0,-2.0,0.0,475.2330004727002
0.0,-0.3,0.0,467.1611249865964
0.0,0.0,0.0,460.7317504598992
0.0,-0.95,0.0,453.3326251980616
0.0,-0.7,0.15042012333869934,448.0574996180367
0.0,8.0,0.0,92.33137500847224
0.0,7.6,0.0,92.96850009215996
0.0,8.6,0.0,95.83499998857732
0.0,9.35,0.0,101.46900037110318
0.0,15.25,0.0,112.15800008617808
0.0,19.2,0.0,125.86649981455412
0.0,4.45,0.0,147.60749992628115
0.0,13.25,0.0,170.72812522426247
0.0,17.7,0.0,188.5488748492673
0.0,25.0,0.0,184.8093752881279
0.0,13.75,0.0,178.77712503073272
0.0,33.6,0.0,193.3293750757817
0.0,40.3,0.0,216.31799998451024
0.0,46.85,0.0,240.92887531337328
0.0,40.25,0.0,266.56612476250154
0.0,32.6,0.0,293.37300012686757
0.0,25.55,0.0,289.94512551513037
0.0,21.8,0.0,275.22899995278567
0.0,13.55,0.0,265.71000063056124
0.0,12.25,0.0,271.2438751662383
0.0,17.25,0.0,276.88349993748125
0.0,18.2,0.0,284.40374988941477
0.0,15.85,0.0,293.0081252044532
0.0,9.65,0.0,302.3973754478851
0.0,6.5,0.0,316.8847499687457
0.0,3.6,0.0,331.79887500773185
0.0,-0.5,0.0,345.57675020282625
0.0,-0.75,0.0,359.14049970686904
0.0,0.8,0.0,371.52525014660785
0.0,-0.25,0.0,380.7345001681475
0.0,-1.0,0.0,389.5848747812444
0.0,-1.9,0.0,401.7363748739939
0.0,-0.9,0.0,415.2153746090829
0.0,-3.15,0.0,425.17650083461774
0.0,-0.95,0.0,426.42675034853164
0.0,-0.6,0.0,428.70037484099157
0.0,-0.65,0.0,449.27212514318524
0.0,-0.15,0.0,475.2967499289196
0.0,0.05,0.0,494.95987464401406
0.0,0.0,0.0,497.76600016476584
0.0,-0.3,0.0,499.81087563985494
0.0,0.0,0.0,506.2466242333874
0.0,0.0,0.0,513.2407498180634
0.0,0.0,0.0,517.6796246194048
0.0,0.0,0.0,519.2306251708884
0.0,0.0,0.0,519.3622499609133
0.0,0.0,0.0,518.6220005067764
0.0,0.0,0.0,516.4530000906904
0.0,0.0,0.0,512.2154993468197
0.0,0.0,0.0,504.45187505071516
0.0,-0.05,0.0,496.1857497216435
0.0,-0.35,0.0,484.2667499203468
0.0,-0.55,0.0,472.45837477578317
0.0,-0.95,0.0,464.0647497809026
0.0,-0.75,0.0,466.10324943754824
0.0,-0.05,0.0,473.4262496960349
0.0,0.0,0.0,483.85837506039536
0.0,-0.7,0.0,498.53475010965485
0.0,-1.1,0.0,510.5490001884755
0.0,-1.75,0.0,507.7244998294394
0.0,-1.75,0.05,504.9618753652321
0.0,-1.45,0.0,498.7890002075117
0.0,0.0,0.0,490.03949981273615
0.0,0.0,0.0,485.06774993774013
0.0,-2.0,0.0,496.94775028224103
0.0,-0.4,0.0,506.20762533491944
0.0,-1.2,0.10137073695659637,481.87687517395244
0.0,-0.75,0.0,445.1039996986277
0.0,6.25,0.0,90.75337498632726
0.0,6.2,0.0,89.66925008934922
0.0,6.15,0.0,88.96125003187917
0.0,3.6,0.0,89.98987506784033
0.0,4.3,0.0,93.00262510427274
0.0,8.5,0.0,98.6411245837342
0.0,15.15,0.0,122.55825001306366
0.0,17.7,0.0,151.94512539538556
0.0,26.3,0.0,172.14000000362284
0.0,27.45,0.0,163.98674968383276
0.0,21.3,0.0,155.66174985568506
0.0,22.55,0.0,161.69250019001774
0.0,38.4,0.0,173.53049997717608
0.0,44.5,0.0,187.9623746304307
0.0,49.55,0.0,206.481374984188
0.0,41.55,0.0,226.1201248385245
0.0,37.05,0.0,234.5523749076994
0.0,30.8,0.0,241.09650022343266
0.0,27.0,0.0,249.49912536337507
0.0,21.2,0.0,257.8406249313848
0.0,21.25,0.0,267.4983751136577
0.0,19.4,0.0,274.7827499706298
0.0,10.5,0.0,281.75062513661106
0.0,12.65,0.0,290.2346252674703
0.0,11.45,0.0,305.2668748390861
0.0,6.9,0.0,321.32474984899164
0.0,0.3,0.0,335.7135003541131
0.0,-0.95,0.0,349.97062558305913
0.0,-1.65,0.0,363.766875082301
0.0,-1.5,0.0,376.5712500893511
0.0,-3.05,0.0,389.4438750482397
0.0,-3.55,0.0,403.06125040967015
0.0,-1.3,0.0,417.7409999648109
0.0,-1.65,0.0,427.8982502558036
0.0,-0.5,0.0,425.90249977745117
0.0,-1.95,0.0,424.7493750802241
0.0,-1.85,0.0,436.39499998863323
0.0,0.05,0.0,451.689000570355
0.0,0.0,0.0,466.4673750546528
0.0,-0.9,0.0,479.15662546714304
0.0,0.0,0.0,491.3088749406161
0.0,0.0,0.0,505.39837481402793
0.0,0.0,0.0,519.720000306121
0.0,0.0,0.0,530.1018746376736
0.0,0.0,0.0,531.1976250717183
0.0,0.0,0.0,531.0858751575463
0.0,0.0,0.0,530.3426253144862
0.0,0.0,0.0,528.8351245304336
0.0,0.0,0.0,525.5943749110913
0.0,0.0,0.0,517.9492499842542
0.0,0.0,0.0,510.23174970634284
0.0,0.0,0.0,501.6997498270357
0.0,-0.15,0.0,494.8117500485852
0.0,-0.2,0.0,488.60587426505515
0.0,-0.65,0.0,485.3557501389179
0.0,-0.5,0.0,486.1417493487708
0.0,-0.55,0.0,492.87524966576603
0.0,0.0,0.0,503.22299939987715
0.0,0.0,0.0,514.4812499361112
0.0,-0.35,0.0,523.3826247439022
0.0,0.0,0.0,533.0730002345517
0.0,0.0,0.0,527.4052497475175
0.0,-0.6,0.0,515.7067500433186
0.0,0.0,0.0,511.8090001713252
0.0,0.0,0.0,538.5138752123573
0.0,-0.35,0.0,563.1412502666702
0.0,-0.05,0.0,542.9422499854118
0.0,-0.7,0.0,506.11837544082664
0.10000000149011612,1.8,0.09785382747650147,469.990874842857
0.0,8.8,0.0,90.37237506548408
0.0,6.3,0.0,91.44262503779028
0.0,5.45,0.0,90.42600009115412
0.0,5.65,0.0,89.61862501394936
0.0,4.75,0.0,90.3127499953378
0.0,3.25,0.0,91.23862527622842
0.0,4.1,0.0,94.76699994001538
0.0,10.85,0.0,110.44387511680834
0.0,16.65,0.0,131.10487497111316
0.0,22.4,0.0,146.49412517980673
0.0,18.2,0.0,144.47737506635022
0.0,17.95,0.0,143.3137500883313
0.0,19.2,0.0,150.99374973997473
0.0,22.55,0.0,162.68812502843792
0.0,26.75,0.0,175.62337501652073
0.0,29.6,0.0,190.41375020563137
0.0,33.9,0.0,206.5545002835337
0.0,36.05,0.0,217.64025002557318
0.0,34.8,0.0,228.14925008784047
0.0,24.65,0.0,239.6985004460439
0.0,21.9,0.0,249.49837507405317
0.0,20.25,0.0,259.5959995282348
0.0,18.9,0.0,269.2923754590098
0.0,16.25,0.0,279.1983748229919
0.0,17.1,0.0,290.1187496719649
0.0,10.5,0.0,307.27199989990334
0.0,13.5,0.0,325.1523749321932
0.0,5.6,0.0,340.37625044272284
0.0,1.75,0.0,355.1062500238186
0.0,-1.35,0.0,370.55775015524125
0.0,-1.45,0.0,387.9033744344255
0.0,-1.65,0.0,405.4556246928172
0.0,-0.45,0.0,419.1809996933909
0.0,-2.75,0.0,432.3067500436911
0.0,-0.7,0.0,441.2763749472564
0.0,-2.0,0.0,438.9224997955374
0.0,-1.45,0.0,437.26087530273946
0.0,-0.85,0.0,446.29687528975774
0.0,-2.7,0.0,458.87212552374694
0.0,-1.45,0.0,471.6907495402964
0.0,-0.3,0.0,486.2827500988031
0.0,0.0,0.0,500.4637501524761
0.0,0.0,0.0,516.8542493703542
0.0,0.05,0.0,532.9061245758785
0.0,-0.1,0.0,544.0582502487116
0.0,0.0,0.0,545.3145001742989
0.0,0.0,0.0,545.2867500186433
0.0,0.0,0.0,545.5968742991332
0.0,0.0,0.0,545.5766244533472
0.0,0.0,0.0,543.0225001600571
0.0,0.0,0.0,535.3226248815888
0.0,0.0,0.0,527.6313752511982
0.0,0.0,0.0,521.6977502257796
0.0,-0.2,0.0,517.2922496859916
0.0,0.0,0.0,513.3228751566727
0.0,0.0,0.0,512.9118748255307
0.0,0.0,0.0,515.1183753843885
0.0,-0.05,0.0,521.2736249332781
0.0,-0.35,0.0,529.1006253966364
0.0,-0.2,0.0,536.7389994514408
0.0,0.0,0.0,541.0961252614856
0.0,0.0,0.0,545.6264999360079
0.0,0.0,0.0,536.6002510719234
0.0,-0.2,0.0,522.1724999493687
0.0,-0.2,0.0,518.4802495294949
0.0,-0.2,0.0,555.9022500034189
0.0,0.0,0.0,591.0172498684376
0.0,0.15,0.0,594.7485001297667
0.0,0.05,0.0,587.4404998115497
0.0,-0.35,0.0,569.9017504752613
0.0,2.45,0.09874328076839448,521.4607499255101
0.0,-0.6,0.0,476.3553748898441
0.0,8.65,0.3,452.47799976977984
0.0,1.3,0.0,436.2011253987206
0.0,3.3,-0.19798573553562165,415.4084997490747
0.0,6.35,0.0,92.71612498746254
0.0,6.45,0.0,93.28312486230861
0.0,6.05,0.0,92.43712517111562
0.0,6.0,0.0,92.9201249926351
0.0,6.0,0.0,93.4293751067249
0.0,5.25,0.0,94.03987493831664
0.0,5.8,0.0,96.59475006200373
0.0,6.05,0.0,104.13675002478995
0.0,10.35,0.0,115.06050006230362
0.0,11.5,0.0,125.2327502396889
0.0,12.6,0.0,128.67637493927032
0.0,16.05,0.0,134.38912519610022
0.0,20.25,0.0,143.0857499962207
0.0,21.5,0.0,154.04700007447974
0.0,22.4,0.0,165.8516252352856
0.0,24.1,0.0,176.99025019733236
0.0,22.35,0.0,189.97312558330594
0.0,29.1,0.0,202.00200024179648
0.0,29.9,0.0,217.10550019193906
0.0,17.75,0.0,231.90374973709694
0.0,15.8,0.0,241.73887472467032
0.0,21.35,0.0,253.47300015287473
0.0,20.05,0.0,264.77437508280855
0.0,13.1,0.0,277.3203752215719
0.0,10.8,0.0,290.8252498609945
0.0,3.6,0.0,309.8988748488482
0.0,17.15,0.0,329.4318748655263
0.0,20.45,0.0,345.5384998150868
0.0,27.1,0.09919784665107727,360.1117500672117
0.0,5.1,0.0,377.22825035089625
0.0,6.5,0.0,399.79575016510205
0.0,1.7,0.0,422.011874987348
0.0,-2.5,0.0,435.7515000310726
0.0,-0.45,0.0,446.71724956214894
0.0,0.1,0.0,454.32487550985536
0.0,-0.75,0.0,452.3625002676854
0.0,-2.55,0.0,450.52275007625576
0.0,-1.25,0.0,456.3491245328216
0.0,-2.65,-0.00015863478183746337,465.03900040932933
0.0,-0.85,0.0,475.65075045081323
0.0,0.0,0.0,492.29624999370424
0.0,-0.1,0.0,509.0111251081573
0.0,0.0,0.0,527.3808749161195
0.0,0.0,0.0,544.2678748749197
0.0,0.4,0.0,556.2228749128059
0.0,0.25,0.0,557.395874916506
0.0,0.75,0.0,557.8083743442781
0.0,0.5,0.0,559.289999882388
0.0,0.0,0.0,560.9291246606736
0.0,0.0,0.0,559.4250000230735
0.0,0.0,0.0,550.9878760232357
0.0,0.0,0.0,542.934750659531
0.0,0.1,0.0,539.7592494017445
0.0,0.0,0.0,537.9341251817765
0.0,0.0,0.0,536.1198749582982
0.0,0.0,0.0,538.6117501614383
0.0,-0.1,0.0,543.1773753814865
0.0,0.0,0.0,548.3459998350357
0.0,-0.1,0.0,554.4367502315203
0.0,0.6,0.0,559.1246249462245
0.0,0.1,-0.04900320172309876,558.5092499450082
0.0,0.0,0.0,558.704999943194
0.0,0.0,0.0,546.9131249094614
0.0,-0.2,0.0,530.572875193134
0.0,-0.65,-0.002896028757095337,527.902875459264
0.0,0.7,-0.0010244756937026977,576.3480000555282
0.0,0.0,0.0,622.4287506156368
0.0,0.0,0.0,651.1065007700585
0.0,0.0,0.0,671.2020008241991
0.0,0.1,0.0,672.92362501889
0.0,-0.35,0.0,617.3778752086916
0.0,0.1,0.000397983193397522,566.8147499775048
0.0,2.9,0.05,547.6545003061416
0.0,0.0,0.0,540.3772504925495
0.0,-0.6,0.0,521.4990005076397
0.0,-0.7,0.0,461.58712495951914
0.0,5.05,-0.09819068610668183,404.571749836253
0.0,-1.75,-0.1489412933588028,358.77337533077224
0.0,5.2,0.0,90.34575013457797
0.0,5.5,0.0,90.77174999502022
0.0,5.65,0.0,91.76437487681396
0.0,6.35,0.0,93.56812514760531
0.0,4.25,0.0,93.60637494828552
0.0,2.75,0.0,95.17050007425715
0.0,4.0,0.0,100.1006248489488
0.0,7.0,0.0,107.21962514272892
0.0,10.45,0.0,115.3199999634875
0.0,18.75,0.0,120.95624983452726
0.0,15.0,0.0,128.66887506640052
0.0,15.45,0.0,136.3515000402229
0.0,20.2,0.0,145.66462495722809
0.0,21.2,0.0,155.74874989204108
0.0,21.35,0.0,165.0401250353083
0.0,23.0,0.0,175.70512475860306
0.0,23.7,0.0,186.63562498085668
0.0,30.45,0.0,199.69950041465927
0.0,32.8,0.0,212.04862483141477
0.0,32.5,0.0,220.12350004869512
0.0,30.2,0.0,230.72999999313615
0.0,23.65,0.0,241.0912501160521
0.0,7.95,0.0,252.00075010049622
0.0,13.15,0.0,265.13924980477896
0.0,11.3,0.0,282.3922497376567
0.0,17.15,0.0,300.63262501913124
0.0,7.5,0.0,318.1770002605161
0.0,7.9,0.0,335.0193748368882
0.0,1.05,0.0,353.22825050535613
0.0,14.5,0.05,374.31637533186006
0.0,-3.1,0.0,395.07600052556955
0.0,-0.85,0.0,412.63200069863814
0.0,-1.55,0.0,427.2337497872533
0.0,-2.05,0.0,439.19399928890635
0.0,0.2,0.0,441.01837496855296
0.0,-5.35,0.0,441.6645007847343
0.0,-1.2,0.0,451.3436252933927
0.0,-1.0,0.0,464.08912536886055
-0.05000000074505806,0.75,-0.09942944943904877,475.88137464125174
0.0,-0.8,0.0,486.0176246556919
0.0,-0.7,0.0,495.94837502911685
0.0,-0.25,0.0,511.8206242779503
0.0,0.1,0.0,527.4599997573765
0.0,0.7,0.0,539.1911249902565
0.0,0.0,0.0,540.5208747938741
0.0,-0.05,0.0,542.1273755954346
0.0,0.65,0.0,540.7106252333149
0.0,0.0,0.0,537.3067497103708
0.0,-0.1,0.0,533.3591254894156
0.0,0.0,0.0,526.9747506368207
0.0,0.0,0.0,521.0272502248175
0.0,0.0,0.0,518.6088743150467
0.0,-0.1,0.0,516.9251249751775
0.0,0.1,0.0,516.1503748035059
0.0,0.0,0.0,523.4662499339087
0.0,-0.1,0.0,531.7443749342813
0.0,0.25,0.0,541.6432502632728
0.0,0.0,0.0,551.9805003916147
0.0,0.0,0.0,561.2966251167934
0.0,0.05,0.0,567.9142502117902
0.0,0.3,0.0,574.6181256719167
0.0,0.0,0.0,564.0491251377389
0.0,0.0,0.0,546.9727493430953
0.0,0.0,0.0,540.1469995083287
0.0,0.85,0.09697444140911102,569.7168747167336
0.0,1.0,0.0,597.1121253234567
0.0,1.1,-0.000834694504737854,620.6572496627923
0.0,0.0,0.0,640.6473748221994
0.0,0.0,0.0,646.2776247436647
0.0,0.0,0.0,606.6033741272288
0.0,-0.25,0.0,570.9000005204696
0.0,-0.45,0.0,558.9097494280664
0.0,0.0,0.0,555.106124562351
0.0,0.0,0.0,540.3022499334068
0.0,0.0,0.0,490.1613747549476
0.0,0.0,0.0,442.3710000755033
0.0,-0.45,-0.19710810780525206,404.2991249628132
0.0,5.05,0.0,93.41287511114497
0.0,4.15,0.0,93.2482498853933
0.0,4.65,0.0,94.64400001971516
0.0,8.25,0.0,98.00925004777964
0.0,6.05,0.0,103.72462504927535
0.0,8.55,0.0,110.5383750375826
0.0,10.1,0.0,116.69100006315857
0.0,11.65,0.0,124.261500129872
0.0,12.25,0.0,131.1101250370266
0.0,16.15,0.0,139.2157500457717
0.0,17.15,0.0,147.55349996651057
0.0,18.95,0.0,154.82962506569456
0.0,20.15,0.0,163.92337498504202
0.0,24.25,0.0,172.14900004973168
0.0,21.85,0.0,230.5027500319993
0.0,20.35,0.0,244.13549973575863
0.0,22.15,0.0,258.9641253025038
0.0,14.95,0.0,277.8851253493456
0.0,9.3,0.0,297.64425093373285
0.0,10.95,0.0,317.06812508676666
1.0,23.5,0.3481497555971146,335.0062501254026
0.20000000298023224,8.75,0.14942490458488464,352.8412502889056
0.0,3.45,-0.0003985971212387085,375.26174987086563
0.0,2.05,0.0,396.5351246650331
0.0,1.75,0.0,414.4361249295995
0.0,-2.2,0.0,420.9982497810852
0.0,-2.75,0.0,426.068249754142
0.0,-0.45,0.05,441.3521255282452
0.0,1.65,0.0493186354637146,460.0886251668213
0.25,3.05,0.09840029180049896,474.4139994691126
0.0,0.85,0.0,475.56375071729997
0.0,0.7,0.0,475.32712527276016
0.10000000149011612,0.8,0.04826139509677887,486.4353753044037
0.0,-0.25,0.0,500.2964996042894
-0.05000000074505806,-0.45,-0.10085528790950775,511.0488748366246
0.0,0.25,0.0,512.8755001940299
0.0,1.1,-0.0007146894931793213,514.876874693553
0.0,0.3,0.0,508.2993748968467
0.0,-0.1,0.0,498.28987455139867
0.0,-0.2,0.0,489.26399935400116
0.0,-0.15,0.0,485.0879997472046
0.0,0.8,0.0,481.45237529990266
0.0,-0.3,0.0,478.2003752328921
0.0,0.2,0.0,474.0622506103944
0.0,0.4,0.0,474.28949948076627
0.0,-0.2,0.0,487.57200043890623
0.0,-0.35,0.0,501.44700066850055
0.0,0.2,0.0005833655595779419,519.08700003298
0.0,0.0,0.0,536.6328750326298
0.0,0.0,0.0,554.3966245257994
0.0,0.0,0.0,573.9131248979829
0.0,0.0,0.0,592.4775004206924
0.0,0.0,0.0,584.753999900911
0.0,0.0,0.0,568.1797496854794
0.0,0.0,0.0,554.8080005801282
0.0,-0.35,-0.05261069238185882,554.511750296969
0.0,-0.7,-0.052742171287536624,553.4220005582553
0.0,-0.9,-0.0006082922220230103,560.7641252015019
0.0,-0.2,0.00015011727809906007,573.0236247786786
0.0,-0.8,0.0,578.4296245016391
0.0,-0.45,0.0,561.7841252150945
0.0,0.0,0.0,547.9998745659832
0.0,-0.85,0.0,542.6182497851084
0.0,0.0,0.0,539.9988746157381
0.0,0.0,0.0,530.7851254956331
0.0,-0.35,0.0,500.40487490785307
0.0,-0.25,0.0,472.1208750058198
0.0,-0.35,0.0,447.352125422447
0.0,6.15,0.0,102.9937503712019
0.0,9.65,0.0,107.59537502126769
0.0,10.8,0.0,113.94937517805957
0.0,12.75,0.0,120.85350004727952
0.0,13.1,0.0,126.49462522431277
0.0,14.2,0.0,133.1598747411743
0.0,17.1,0.0,140.37450006257276
0.0,17.7,0.0,146.8278750131838
0.0,19.35,0.0,154.824750236189
0.0,19.9,0.0,159.69337504818105
0.0,19.2,0.0,166.01175007650164
0.0,16.25,0.0,263.9512495829957
0.10000000149011612,16.05,0.05,283.5307498903479
0.10000000149011612,15.65,0.05,298.7137497269781
0.15000000596046448,10.2,0.05,313.94512481549754
0.15000000596046448,10.45,0.05,339.7342498677317
0.0,6.7,0.10118629038333893,366.60600064564494
0.4000000059604645,5.8,0.14766777753829957,389.47874926072546
0.15000000596046448,0.4,0.14891222417354583,399.3048757643672
0.05000000074505806,-0.8,0.04958005845546722,408.09862493441904
0.0,-0.05,0.0,428.27549953009003
0.0,-0.85,0.0,451.9428750314517
0.0,0.9,0.0,468.7432508023456
0.0,1.25,0.0,462.88049943814985
0.25,2.25,0.04793263077735901,456.06000001740176
0.0,1.4,0.09954178333282471,464.97825012560935
0.30000001192092896,1.1,0.10108436346054077,478.57837417668196
0.0,0.15,-0.09799036979675294,488.9591248769546
0.15000000596046448,0.05,0.0013854384422302246,488.89387535396963
0.05000000074505806,-0.35,0.0022540658712387083,489.34612534104383
0.0,0.85,0.049985679984092715,476.4344997797627
0.0,-0.85,-0.05,459.34199977356474
0.0,-1.2,0.0,445.6038750048727
0.0,0.15,0.0010113924741744994,445.2146254592808
0.0,-0.15,0.0018543004989624023,445.069125442137
0.0,0.0,0.049231034517288205,439.77187495841645
0.0,0.85,-0.049359843134880066,432.4871251139557
-0.10000000149011612,1.6,0.0015652060508728027,430.6796249320032
0.0,-0.5,0.0,449.9520003411919
0.10000000149011612,0.15,0.04943420290946961,468.7038757142844
0.15000000596046448,0.55,0.0985486477613449,491.6782497020671
0.0,-0.2,0.0,514.7009998891969
0.0,-0.35,0.0,538.8656251480104
0.0,0.0,0.0,569.8500005388399
0.0,0.0,0.0,599.0227501165588
0.0,0.0,0.0,595.4759999264031
0.0,0.0,0.0,580.7970005226555
0.0,0.0,0.0,563.9988752034493
0.0,0.0,0.0,541.5288744639372
0.0,0.0,0.0,522.3123746644239
0.0,0.0,0.0,518.1029999244026
0.0,-4.65,-0.25222059786319734,521.9486243230756
0.0,-2.85,0.00045219361782073976,526.4017498558853
0.0,-2.0,-0.0005667626857757569,527.8515002150089
0.0,-0.9,-0.05928548276424408,531.1091251720209
0.0,-0.9,-0.0005355268716812134,530.4922503186623
0.0,-0.3,0.0,528.201374745206
0.0,0.0,0.0,523.1399999174522
0.0,-0.4,0.0,508.66162555380726
0.0,0.0,0.0,495.74850009828805
0.0,-2.35,0.0,483.84450008170677
0.0,7.15,0.0,106.11825013135095
0.0,10.55,0.0,111.5609999691369
0.0,10.35,0.0,116.04562515558209
0.0,12.2,0.0,121.76475009690039
0.0,12.95,0.0,128.7539998956723
0.0,14.25,0.0,134.550749745965
0.0,16.45,0.0,141.93599985816982
0.0,16.95,0.0,148.10474996443372
0.0,16.6,0.0,155.4041248728754
0.10000000149011612,15.15,0.05,261.233624827466
0.0,8.8,0.0,274.6844999096123
0.0,4.55,0.0,288.47362541852056
0.0,4.75,-0.05,313.0207503013313
0.0,0.4,0.0,340.15387542170936
0.0,-9.85,0.0,363.22574947930406
0.0,-5.2,0.0,375.1694999940693
0.0,-0.85,0.0,384.5797496273648
0.0,4.15,0.15,406.7546255497262
0.0,-0.95,0.0,433.1752504663309
0.0,-0.95,0.0,452.3396250892896
0.0,-1.25,0.0,448.3811249421211
0.0,2.75,0.0,443.4112504135119
0.0,6.65,0.1974029451608658,456.38662479824853
0.44999998807907104,10.55,0.34523631632328033,474.2463746286463
0.4000000059604645,7.25,0.251154699921608,485.01299965183716
0.30000001192092896,6.1,0.2004694551229477,474.1125003872439
0.0,-0.2,-0.04744674265384674,464.46900077348107
0.25,1.8,0.15019994378089904,446.7026250415714
0.05000000074505806,0.6,-0.000338396430015564,426.94575007932724
0.30000001192092896,-0.7,0.09869683980941772,414.19874966235363
0.05000000074505806,-0.35,-0.0016116231679916381,422.5312500104774
0.5,1.55,0.14817647635936737,431.8773751788307
0.0,-15.05,0.0,426.50550033783077
-0.05000000074505806,2.35,-0.05301518142223358,417.157124869572
0.699999988079071,2.25,0.23947603702545167,413.4172502141679
0.3499999940395355,3.6,0.04697777628898621,428.08537538528907
0.44999998807907104,2.65,0.24741492569446563,443.3868748617591
-0.30000001192092896,0.3,-0.10200570225715637,462.31387484534645
-0.10000000149011612,0.05,0.04892646670341492,480.6307500482537
0.05000000074505806,-0.1,4.287660121917725e-05,502.116000552685
0.0,-0.3,0.0,535.5509997305228
0.0,0.0,0.0,566.7705004963558
0.0,0.0,0.0,569.4963753081859
0.0,0.0,0.0,561.87937508584
0.0,-0.2,0.0,553.0931248645298
0.0,-0.5,0.0,538.9706248199334
0.0,-4.35,-0.254034036397934,526.2374998053303
0.0,-5.6,-0.0501756876707077,521.0996253045975
0.0,0.0,0.0,520.77675065652
0.0,0.0,0.0,522.0813756704796
0.0,0.0,0.0,523.6083752491977
0.0,-1.75,-0.09825044572353363,526.6634998229099
0.0,-0.6,-0.05065432488918305,527.8368751638103
0.0,-0.6,0.0,528.0210002208827
0.0,-1.25,-0.09892150461673736,523.9286249083932
0.0,0.0,0.0,510.0494997325586
0.0,-1.1,0.04924844205379486,497.6958748021396
0.0,0.0,0.0,494.52037500105797
0.0,-0.7,0.04940371811389923,495.31575023022015
0.0,13.1,0.0,119.4521248929901
0.0,15.05,0.0,125.2016250250861
0.0,14.4,0.0,132.58987514083273
0.0,16.1,0.0,139.2052497531986
0.0,18.65,0.0,148.29187499557156
0.05000000074505806,8.15,0.05,289.5682504568482
0.10000000149011612,10.05,0.0,314.693999954802
0.0,2.45,-0.05,338.8713746644091
0.0,1.95,-0.05,351.9284998185467
0.15000000596046448,2.7,0.1491313397884369,362.534249966708
0.0,4.2,0.1,385.79212508990895
0.0,-0.4,0.0,415.57949974075893
0.0,13.35,0.14600456953048707,437.66287487694063
0.0,6.5,0.0,435.4882505872054
0.0,1.4,0.0,432.4575002168538
0.0,0.3,0.0,448.7212504117284
0.0,5.9,-0.049442258477210996,470.3763751937542
0.0,4.9,0.0,481.0559994573705
0.0,7.15,0.0004916489124298096,458.6816257414408
0.0,12.5,0.3989611566066742,439.7223750919802
0.5,8.95,0.2490868777036667,417.9359999123961
0.6499999761581421,7.35,0.24911717772483827,396.2264997132588
0.550000011920929,2.0,0.1495441883802414,384.7582504424965
0.0,-10.85,0.0,401.99512445116414
0.0,-12.7,0.0,423.0461253598798
0.0,-12.0,0.0,408.30675041347274
0.0,-0.45,-0.05302686393260956,420.0146249076817
0.30000001192092896,-0.65,0.046738848090171814,431.53612520347815
-0.4000000059604645,-1.35,-0.10535241663455963,443.80799966617485
-0.25,-2.3,-0.19991291761398317,462.6806247996632
0.0,0.3,0.0,498.4349998982856
0.05000000074505806,0.85,-0.0014732003211975098,532.2948755776276
0.0,-0.4,0.0,541.4917498164577
0.0,-0.65,0.0,543.0150000947062
0.0,-0.7,0.0,542.6928748033708
0.0,-1.45,-0.05315832495689392,535.7981252683094
-0.05000000074505806,-1.35,5.4341554641723636e-05,529.8528745084535
0.0,-0.55,-0.05214405655860901,523.8603751408402
-0.30000001192092896,-6.8,-0.19983047246932983,519.5936249278486
0.0,0.0,-0.0007066816091537475,518.2458751750412
0.0,-0.95,0.0,520.4951252772705
0.0,-1.65,-0.15093485414981841,523.4298750135582
0.0,-0.8,0.0,524.1352503648261
0.0,-1.5,-0.04876868724822998,524.7123750591185
0.0,-0.35,-0.1005251556634903,521.6354998160153
0.0,2.75,-0.04854863286018372,507.4417503880104
0.0,-0.25,0.04828696846961975,495.1117492509773
0.0,-0.25,0.0,516.2857509128983
0.0,-0.45,0.0,488.6002494966844
0.0,15.2,0.0,133.04775003485847
0.0,13.95,0.0,134.9741249030456
0.0,3.05,0.10075471103191376,320.310374841583
0.3499999940395355,3.85,0.09949082434177399,339.13950016826857
0.0,3.5,0.0,380.3223748921417
0.0,20.0,0.3996720016002655,378.67612487515436
0.0,4.85,0.0,377.31487522204407
0.0,15.6,0.0003811866044998169,391.58287508329374
0.0,1.9,0.0,410.8638752663275
0.0,-0.4,0.0,421.4752499879338
0.0,11.2,0.0010333031415939331,406.68750017771964
0.30000001192092896,9.25,0.14946244657039642,395.63250005776064
0.0,5.75,-0.04908050000667572,378.375375160831
0.15000000596046448,8.8,0.1982273131608963,361.14375011955855
0.15000000596046448,2.95,0.10112757384777069,354.2145000289427
0.30000001192092896,2.4,0.0976143717765808,372.6435003062943
-0.15000000596046448,0.7,-0.09932025074958802,394.0818747992395
0.0,-9.25,0.0,408.04162508889567
0.0,-6.7,0.0,418.5539996775566
0.15000000596046448,-2.5,-0.0005951613187789917,432.3093756812159
-0.05000000074505806,-2.0,-0.05459835529327393,455.9651253307704
0.0,-1.8,-0.001950189471244812,479.15062543095553
0.05000000074505806,-1.3,-0.0014534056186676025,493.27875038268974
-0.15000000596046448,-2.1,-0.20397957861423494,505.02262486149556
0.0,-3.0,-0.09929520785808563,512.5537499000784
0.0,0.0,0.0,510.47287497108334
0.0,-0.35,0.0,509.4344998168293
0.0,-2.7,0.0,504.80025066738017
-0.30000001192092896,-9.2,-0.15,501.42937495834195
0.0,-7.8,0.00015873014926910401,500.63550066240134
0.0,-3.05,4.8413872718811035e-05,502.2266250657616
-0.10000000149011612,-3.7,-0.050788432359695435,503.7228746040026
-0.05000000074505806,-2.0,-0.1474215120077133,507.29999952809885
0.0,-0.9,0.0,511.52362514825074
0.0,0.0,0.0,512.8653744661482
0.0,-1.3,-0.049360862374305724,505.55662547259124
0.0,1.05,-0.09927530288696289,499.67024988629856
0.0,11.5,-0.048528289794921874,310.4535004993202
0.0,16.95,0.0004722565412521362,318.99787514419296
0.0,11.85,0.0,332.7903751868289
0.0,2.0,0.0,343.54012522040864
0.0,-0.65,0.0,342.120750020165
0.0,0.95,0.0,343.5056248841109
0.0,8.8,-0.05,335.25900005914735
0.05000000074505806,1.45,0.050159263610839847,326.7431250089314
0.0,-7.5,0.0,327.05625021124723
0.0,-2.45,0.0,342.74549983132164
0.0,-12.05,0.0,357.4612503031036
0.0,-12.55,0.0,377.7547500153072
0.0,-11.25,0.0,386.2679997222964
0.0,-4.05,-0.09653871953487396,395.75437513196374
0.0,-5.9,-0.09919218719005585,404.8635000027949
0.0,-1.9,0.0,410.9261251997435
-0.6000000238418579,-10.45,-0.3490081489086151,418.10325013133695
-0.20000000298023224,-7.75,-0.10260194838047028,436.11299989852125
0.0,-4.6,-0.15035439133644105,458.5173750590999
0.0,-2.3,0.0,474.57262510142755
0.0,-0.9,0.0,475.67662574008574
0.0,-4.85,0.0,478.13737401820254
0.0,-2.6,0.0,476.0445006347494
0.0,-8.4,-0.09928404092788697,475.1910010075197
-0.10000000149011612,-4.3,-0.05,476.01900035585277
-0.10000000149011612,-4.85,-0.14685750007629395,475.4733747134451
-0.20000000298023224,-2.65,-0.10006867349147797,482.3118749806657
0.10000000149011612,1.5,0.0997801274061203,491.17874963181094
0.0,-0.45,0.0,498.51899996283464
0.0,-0.85,0.0,500.38837420442144
0.0,0.3,0.0,503.3902495612623
0.0,5.65,0.0015563368797302246,493.5798755505821
0.10000000149011612,15.05,0.1,266.85712485916446
0.10000000149011612,17.4,0.09964282512664795,273.39412505757065
0.0,19.65,0.10143585801124573,281.9902496262919
0.0,4.25,0.0,290.092874831683
0.0,3.45,0.0,302.990249881777
0.0,6.4,-0.0489825427532196,302.7453749500681
0.0,4.0,0.0,302.87399969673714
0.20000000298023224,5.65,0.0501511812210083,309.60300007045737
0.6000000238418579,6.1,0.14966093599796296,322.12425007303244
0.0,-9.4,0.0,336.247874990874
0.0,-10.8,0.0,381.8981255413266
0.0,-8.45,0.0,389.1262493884657
-0.15000000596046448,-14.7,-0.24588265419006347,380.8923745737644
-0.30000001192092896,-15.95,-0.3975072890520096,376.54875036685263
0.0,-12.7,-0.5008346825838089,394.497750397888
0.0,-13.15,-0.24980525076389312,421.28962483650537
0.0,-3.6,0.0,442.0218751817709
0.0,-7.7,-0.19930519759655,443.99250006913206
-0.25,-8.4,-0.25042690634727477,448.4924996825401
-0.5,-6.7,-0.24838716685771942,447.39637477707583
-0.4000000059604645,-6.25,-0.2000418484210968,447.7222497264855
-0.10000000149011612,-2.85,-0.05,449.45887507651935
0.10000000149011612,2.9,0.05,466.8708754019346
0.0,2.75,0.14704859554767608,477.7466252811253
0.0,0.0,0.0,486.3495000335388
0.0,0.0,0.0,496.1722500107018
0.0,0.6,-0.05040496289730072,480.2279999390477
-0.05000000074505806,25.85,0.15,265.05975007722157
0.0,17.7,0.09966010451316834,271.8933746534167
0.0,14.75,0.0,282.3746248255018
0.05000000074505806,11.65,0.0,286.63987485622056
0.0,5.15,0.0,291.628499793401
0.0,3.05,-0.04948356747627258,299.5976249885513
0.3499999940395355,1.0,0.09856008887290954,310.63800012588035
0.30000001192092896,7.45,0.09966926872730256,323.61975073744543
0.0,-8.2,0.0,332.56312524562236
0.0,-7.75,0.0,342.8906248243526
0.0,-10.1,0.0,352.29787497080395
0.0,-11.8,0.0,352.53412512745706
0.0,-11.5,0.0,353.8102503841743
0.0,-9.8,0.0,394.64212470825294
-0.3499999940395355,-11.8,-0.39634407460689547,383.69362534985413
-0.10000000149011612,-10.85,-0.19960232675075532,374.7914997358806
0.0,-7.1,0.0,388.9582494189497
0.0,-8.7,-0.10037406980991363,411.8737502745818
0.05000000074505806,-1.5,0.05,428.90174969718794
0.0,-4.65,-0.14847419559955596,427.98374943144154
0.0,-7.4,-0.19996242821216584,430.39874995374123
0.15000000596046448,1.85,0.05047999024391174,428.60812534883155
0.0,3.4,0.1,435.54937494941987
0.20000000298023224,0.75,0.10020985305309296,440.7059999165125
0.0,2.6,0.10019406080245971,447.25687523945237
0.0,-1.15,-0.00013433098793029784,456.50212497224567
0.0,-0.15,0.0008028090000152588,466.46250077032016
0.0,-0.4,0.0,456.4822501942748
0.0,17.85,0.09966981410980225,269.323125149752
0.0,17.4,0.09967457354068757,276.867375071696
0.05000000074505806,9.35,0.0,285.16125016179865
0.0,2.7,0.0,294.6555001724977
0.0,1.65,0.0,304.1651252445998
0.0,3.95,0.0,317.3501254946459
-0.25,6.35,-0.10034733414649963,329.1198753048433
-0.10000000149011612,9.35,-0.09900312721729279,345.5857504972722
0.44999998807907104,7.5,0.10128768086433411,359.3118749263464
0.05000000074505806,1.2,-0.04871342182159424,353.6872502815444
0.10000000149011612,-3.8,-0.09838599562644959,349.4189997795038
0.0,-11.35,0.0,365.5518746602349
0.0,-11.15,0.0,389.10412557877135
0.0,-10.5,0.0,401.692125290446
0.20000000298023224,-9.85,-0.14267416596412658,385.32525010372046
-0.10000000149011612,-13.45,-0.3455657958984375,373.13324969178063
0.0,-3.5,0.0,383.21737471332307
0.0,-6.0,-0.04970306158065796,401.6497503069695
0.0,-1.1,-0.09698046743869781,413.770874920371
0.0,2.15,-0.1,409.46662505846473
-0.30000001192092896,0.95,-0.15,408.3273752704263
0.44999998807907104,9.75,0.2,404.3681250156136
0.0,2.25,0.1,415.5191246648319
0.0,1.5,0.09921037554740905,430.97287487299184
0.05000000074505806,19.8,0.09971894919872284,282.6191250619944
0.0,13.35,0.04968305230140686,288.6866253579268
0.10000000149011612,15.0,0.049659204483032224,295.8408750304719
0.0,2.8,-0.0994766116142273,302.8683750530239
0.0,-0.35,0.0,313.31024992859454
0.0,2.4,0.0,326.7866246593418
0.0,3.1,-0.1,347.10862482513767
0.0,5.35,0.000473707914352417,363.44400009615345
0.0,3.85,-0.09450119137763976,359.97262491544245
0.0,-1.15,-0.0498626857995987,357.2820001116255
0.0,-2.7,0.0,366.0723747675773
0.0,-1.75,0.0006354659795761109,378.810375146335
0.05000000074505806,-3.7,-0.05023521780967712,385.4898751633242
0.15000000596046448,-2.7,-0.04488183259963989,375.1706250745803
0.25,-8.15,-0.04773635864257812,366.00487499877346
0.0,-4.45,0.0,380.9632506349124
0.0,-1.7,0.0,402.6596251729643
0.0,3.45,0.09548753201961517,416.08200000301
0.0,7.25,0.10076320171356201,413.6771247050259
0.0,6.75,-0.04788656532764435,413.6741252420237
0.20000000298023224,14.55,0.2,403.3312500746921
0.4000000059604645,11.3,0.2,393.47062439725266
-0.10000000149011612,4.15,-0.05033861696720123,328.6574997912161
0.10000000149011612,5.9,-0.04884732961654663,351.4477496177424
0.0,3.8,0.0,371.9115003081039
0.0,-0.3,0.0,375.9615001337603
0.30000001192092896,1.95,0.0011991292238235473,380.56987533855715
0.0,-1.0,0.0,379.6814994979883
0.05000000074505806,-0.05,0.0022297054529190063,377.4281249745982
0.0,-0.65,0.0,374.4648748997366
0.0,-3.5,0.0,368.61074994818773
0.30000001192092896,-0.65,-0.0466408371925354,361.93124974309467
0.44999998807907104,5.1,0.10123936831951141,382.4126250368543
0.0,3.25,0.0,408.3082500259159
0.0,17.8,0.2491023749113083,423.4698749877978
0.0,1.85,0.0,421.8584998418111
0.0,5.6,0.05,423.16912516239097
0.0,15.95,0.15,404.8200000183424
0.0,15.85,0.15,385.41075025347527
0.0,11.35,0.05,374.86087493235243
0.0,12.0,0.15,380.43937510985415
0.0,7.7,0.05,385.6237503235228
0.0,11.3,0.2,391.999875025521
0.0,13.85,0.2,397.51462484383956
0.05000000074505806,5.75,-0.04858067035675049,356.0861251692986
0.0,1.3,0.0,378.3765000618296
0.10000000149011612,12.6,0.1464722126722336,403.60762515789827
0.0,2.35,0.0,416.91149966923984
0.0,-0.05,0.0,413.0400003050687
0.0,5.45,0.0,412.1415004985407
0.0,4.25,0.0,390.04012496261856
0.0,5.4,0.0,367.8959996991558
0.0,2.75,0.0,357.25950023361946
0.0,10.1,0.05,364.31437421119773
0.0,10.0,0.1,373.02149985900616
0.0,11.65,0.1,382.8472498339135
0.0,11.05,0.05,392.2143749743933
0.0,10.05,0.15,399.679124791082
0.0,8.4,0.0,401.5042501104763
0.0,8.75,0.15,401.5357502968982
0.0,6.25,0.0,366.28200023602693
0.0,9.15,0.04962875545024872,341.06250011532103
0.0,6.15,-0.049914699792861936,354.85350034916775
0.0,8.4,0.1,369.41737485758495
0.0,4.75,0.0,383.17799967159516
0.0,-0.8,0.0,396.0307498709764
0.0,4.3,0.0,406.8705005732365
0.0,-0.55,0.0,416.2766249272041
0.0,6.95,0.0,413.1719997402979
0.0,12.4,0.05,405.9776249030838
0.0,15.5,0.2,379.67137510480825
0.05000000074505806,8.7,0.19799089431762695,398.16975012370386
0.0,12.55,0.25029108226299285,417.456375361816
0.0,11.9,0.19993635416030883,437.0021246288437
0.0,-0.45,0.0,441.38774946632327
0.0,0.7,0.0,441.3442498855293
0.0,5.2,0.10039447844028473,436.22737523238175
0.0,16.9,0.15,428.88000043984505
0.0,14.2,0.1,436.8326249568025
0.0,6.0,0.2010331153869629,441.67500004158353
0.0,1.75,0.0,442.0578747507883
0.0,6.7,0.1,429.82462522177957
